θname,θindex,n_random_combinations,simultaneous_coverage_reference_sets,coverage_reference_sets_lb,coverage_reference_sets_ub,pointwise_coverage_reference_sets,simultaneous_coverage_realisations,coverage_realisations_lb,coverage_realisations_ub,simultaneous_coverage_realisations_alternate,coverage_realisations_alternate_lb,coverage_realisations_alternate_ub,pointwise_coverage_realisations,num_points_in_interval,num_points
λ,1,0,0.0,0.0,0.00368208389686564,"[0.985, 0.983, 0.982, 0.982, 0.982, 0.982, 0.981, 0.981, 0.98, 0.979, 0.977, 0.975, 0.973, 0.971, 0.967, 0.962, 0.958, 0.953, 0.947, 0.941, 0.935, 0.93, 0.926, 0.922, 0.914, 0.91, 0.895, 0.881, 0.869, 0.857, 0.835, 0.813, 0.789, 0.755, 0.728, 0.681, 0.632, 0.57, 0.502, 0.43, 0.373, 0.303, 0.266, 0.239, 0.261, 0.283, 0.304, 0.347, 0.413, 0.468, 0.526, 0.58, 0.631, 0.691, 0.732, 0.767, 0.807, 0.828, 0.848, 0.864, 0.877, 0.884, 0.897, 0.904, 0.913, 0.924, 0.934, 0.939, 0.941, 0.946, 0.95, 0.955, 0.958, 0.961, 0.961, 0.964, 0.965, 0.965, 0.962, 0.962, 0.957, 0.948, 0.941, 0.931, 0.917, 0.904, 0.888, 0.872, 0.849, 0.819, 0.795, 0.774, 0.75, 0.719, 0.682, 0.653, 0.622, 0.606, 0.582, 0.557, 0.527, 0.494, 0.464, 0.446, 0.43, 0.412, 0.382, 0.364, 0.345, 0.334, 0.32, 0.301, 0.29, 0.273, 0.261, 0.249, 0.239, 0.229, 0.211, 0.21, 0.203, 0.197, 0.188, 0.181, 0.185, 0.186, 0.182, 0.181, 0.183, 0.184, 0.186, 0.19, 0.191, 0.191, 0.203, 0.21, 0.221, 0.231, 0.246, 0.261, 0.273, 0.294, 0.312, 0.325, 0.34, 0.357, 0.376, 0.393, 0.412, 0.423, 0.439, 0.45, 0.463, 0.479, 0.496, 0.513, 0.529, 0.538, 0.547, 0.564, 0.576, 0.588, 0.596, 0.606, 0.61, 0.623, 0.63, 0.641, 0.647, 0.655, 0.664, 0.668, 0.677, 0.679, 0.685, 0.693, 0.697, 0.702, 0.707, 0.712, 0.715, 0.717, 0.721, 0.724, 0.732, 0.735, 0.739, 0.741, 0.744, 0.745, 0.745, 0.746, 0.749, 0.75, 0.753, 0.756, 0.757, 0.757, 0.758, 0.759, 0.76]",0.521,0.48951446776882196,0.5523615687672607,0.804,0.7780159357151282,0.8281800339664227,"[1.0, 1.0, 1.0, 1.0, 1.0, 0.999, 1.0, 1.0, 1.0, 1.0, 1.0, 1.0, 1.0, 0.999, 1.0, 1.0, 1.0, 1.0, 0.999, 0.999, 0.998, 1.0, 0.997, 1.0, 0.997, 1.0, 0.997, 0.997, 0.995, 0.993, 0.994, 0.995, 0.995, 0.998, 0.995, 0.995, 0.993, 0.989, 0.99, 0.991, 0.987, 0.993, 0.99, 0.992, 0.993, 0.995, 0.992, 0.995, 0.99, 0.995, 0.998, 0.998, 0.999, 0.992, 0.995, 0.996, 0.999, 0.998, 0.998, 0.995, 0.997, 0.998, 1.0, 0.999, 1.0, 0.998, 0.997, 1.0, 0.997, 1.0, 1.0, 1.0, 1.0, 0.999, 0.999, 0.999, 0.999, 0.998, 0.999, 0.997, 1.0, 0.999, 1.0, 1.0, 0.999, 1.0, 0.998, 0.999, 1.0, 0.998, 0.998, 0.997, 0.994, 0.995, 0.998, 0.995, 0.997, 0.998, 0.998, 0.996, 0.992, 0.995, 0.993, 0.993, 0.993, 0.992, 0.995, 0.996, 0.993, 0.992, 0.993, 0.993, 0.991, 0.996, 0.991, 0.991, 0.994, 0.993, 0.993, 0.994, 0.991, 0.984, 0.991, 0.99, 0.987, 0.992, 0.99, 0.996, 0.992, 0.99, 0.987, 0.991, 0.987, 0.99, 0.981, 0.994, 0.995, 0.988, 0.989, 0.996, 0.996, 0.993, 0.996, 0.992, 0.995, 0.994, 0.998, 0.994, 0.991, 0.995, 0.996, 0.995, 0.994, 0.994, 0.99, 0.994, 0.999, 0.994, 0.997, 0.999, 0.998, 0.998, 0.995, 0.996, 0.998, 0.998, 0.999, 0.996, 0.997, 0.995, 0.994, 0.998, 0.997, 0.998, 0.998, 0.997, 0.997, 0.996, 0.998, 0.998, 0.996, 0.996, 0.998, 0.998, 0.996, 0.998, 0.998, 0.998, 0.999, 0.997, 0.998, 0.997, 0.999, 0.999, 0.997, 0.998, 1.0, 0.997, 0.995, 0.996, 0.995]",0,0
K,2,0,0.0,0.0,0.00368208389686564,"[0.591, 0.584, 0.579, 0.574, 0.568, 0.562, 0.554, 0.545, 0.537, 0.53, 0.518, 0.51, 0.501, 0.491, 0.479, 0.47, 0.454, 0.436, 0.426, 0.41, 0.392, 0.38, 0.357, 0.347, 0.332, 0.309, 0.288, 0.258, 0.239, 0.218, 0.197, 0.173, 0.159, 0.139, 0.125, 0.108, 0.101, 0.104, 0.115, 0.138, 0.154, 0.178, 0.213, 0.245, 0.29, 0.339, 0.368, 0.401, 0.432, 0.463, 0.485, 0.504, 0.519, 0.53, 0.531, 0.537, 0.537, 0.53, 0.525, 0.514, 0.503, 0.493, 0.485, 0.473, 0.453, 0.431, 0.403, 0.38, 0.357, 0.323, 0.294, 0.277, 0.259, 0.246, 0.224, 0.226, 0.207, 0.202, 0.203, 0.206, 0.199, 0.201, 0.214, 0.223, 0.231, 0.246, 0.252, 0.254, 0.258, 0.266, 0.278, 0.286, 0.296, 0.308, 0.323, 0.332, 0.348, 0.366, 0.379, 0.391, 0.401, 0.42, 0.437, 0.446, 0.453, 0.469, 0.485, 0.501, 0.518, 0.523, 0.537, 0.548, 0.559, 0.569, 0.579, 0.591, 0.601, 0.616, 0.628, 0.643, 0.654, 0.663, 0.675, 0.688, 0.703, 0.714, 0.728, 0.743, 0.758, 0.767, 0.78, 0.794, 0.806, 0.818, 0.827, 0.834, 0.845, 0.857, 0.865, 0.873, 0.885, 0.892, 0.898, 0.909, 0.918, 0.928, 0.938, 0.943, 0.947, 0.951, 0.953, 0.956, 0.963, 0.964, 0.966, 0.967, 0.972, 0.974, 0.975, 0.975, 0.977, 0.977, 0.98, 0.981, 0.981, 0.983, 0.984, 0.984, 0.984, 0.985, 0.985, 0.986, 0.987, 0.987, 0.988, 0.99, 0.991, 0.992, 0.992, 0.992, 0.993, 0.993, 0.993, 0.993, 0.993, 0.993, 0.993, 0.993, 0.993, 0.993, 0.993, 0.993, 0.993, 0.993, 0.993, 0.993, 0.993, 0.993, 0.993, 0.993, 0.993]",0.388,0.35766540403610286,0.41899607659539495,0.674,0.6439670107171489,0.703004475760433,"[0.996, 0.995, 0.992, 0.992, 0.992, 0.995, 0.993, 0.994, 0.995, 0.988, 0.994, 0.994, 0.991, 0.989, 0.987, 0.986, 0.991, 0.987, 0.986, 0.985, 0.989, 0.992, 0.982, 0.992, 0.98, 0.99, 0.982, 0.987, 0.987, 0.982, 0.984, 0.988, 0.987, 0.99, 0.986, 0.987, 0.99, 0.983, 0.986, 0.991, 0.986, 0.991, 0.99, 0.992, 0.991, 0.993, 0.99, 0.989, 0.985, 0.992, 0.996, 0.995, 0.995, 0.992, 0.992, 0.993, 0.994, 0.995, 0.997, 0.99, 0.994, 0.994, 0.997, 0.988, 0.998, 0.991, 0.987, 0.995, 0.989, 0.996, 0.988, 0.997, 0.989, 0.99, 0.991, 0.99, 0.995, 0.989, 0.992, 0.988, 0.992, 0.99, 0.989, 0.987, 0.985, 0.988, 0.986, 0.985, 0.991, 0.983, 0.986, 0.985, 0.983, 0.986, 0.989, 0.979, 0.986, 0.992, 0.986, 0.988, 0.986, 0.986, 0.985, 0.98, 0.987, 0.981, 0.988, 0.988, 0.986, 0.993, 0.994, 0.989, 0.99, 0.993, 0.988, 0.993, 0.992, 0.996, 0.996, 0.993, 0.995, 0.989, 0.994, 0.993, 0.998, 0.997, 0.997, 0.997, 0.997, 0.995, 0.993, 0.996, 0.997, 0.994, 0.995, 0.998, 0.998, 0.997, 1.0, 0.998, 1.0, 0.999, 1.0, 0.996, 0.997, 1.0, 0.999, 1.0, 1.0, 0.998, 1.0, 0.999, 1.0, 1.0, 1.0, 0.999, 1.0, 0.999, 0.999, 1.0, 1.0, 1.0, 0.999, 0.998, 1.0, 0.999, 1.0, 1.0, 0.999, 0.999, 1.0, 1.0, 1.0, 0.999, 0.999, 1.0, 1.0, 1.0, 1.0, 1.0, 1.0, 1.0, 1.0, 1.0, 1.0, 1.0, 1.0, 1.0, 1.0, 0.999, 1.0, 1.0, 1.0, 1.0, 1.0, 1.0, 1.0, 0.999, 0.999, 1.0, 0.999]",0,0
C0,3,0,0.0,0.0,0.00368208389686564,"[0.991, 0.991, 0.991, 0.991, 0.991, 0.992, 0.992, 0.993, 0.993, 0.993, 0.993, 0.993, 0.993, 0.993, 0.993, 0.992, 0.99, 0.989, 0.99, 0.988, 0.988, 0.987, 0.986, 0.985, 0.984, 0.982, 0.979, 0.977, 0.974, 0.972, 0.968, 0.962, 0.956, 0.952, 0.932, 0.92, 0.901, 0.883, 0.858, 0.82, 0.774, 0.717, 0.666, 0.61, 0.555, 0.487, 0.444, 0.404, 0.37, 0.33, 0.295, 0.261, 0.249, 0.234, 0.237, 0.228, 0.245, 0.262, 0.297, 0.318, 0.365, 0.4, 0.446, 0.49, 0.528, 0.568, 0.61, 0.644, 0.671, 0.696, 0.715, 0.741, 0.758, 0.781, 0.792, 0.799, 0.809, 0.818, 0.821, 0.826, 0.83, 0.832, 0.831, 0.822, 0.815, 0.814, 0.804, 0.793, 0.788, 0.769, 0.742, 0.729, 0.708, 0.691, 0.674, 0.641, 0.615, 0.59, 0.569, 0.549, 0.523, 0.494, 0.471, 0.435, 0.416, 0.399, 0.379, 0.363, 0.353, 0.328, 0.319, 0.305, 0.298, 0.282, 0.276, 0.259, 0.248, 0.237, 0.227, 0.225, 0.218, 0.21, 0.2, 0.195, 0.189, 0.191, 0.186, 0.18, 0.182, 0.172, 0.171, 0.172, 0.173, 0.176, 0.174, 0.175, 0.176, 0.19, 0.198, 0.201, 0.212, 0.221, 0.236, 0.243, 0.25, 0.258, 0.268, 0.273, 0.287, 0.295, 0.306, 0.318, 0.326, 0.331, 0.343, 0.349, 0.36, 0.366, 0.375, 0.38, 0.389, 0.397, 0.403, 0.406, 0.415, 0.425, 0.43, 0.434, 0.441, 0.449, 0.453, 0.456, 0.46, 0.465, 0.467, 0.472, 0.478, 0.48, 0.481, 0.484, 0.487, 0.49, 0.494, 0.496, 0.498, 0.501, 0.506, 0.506, 0.512, 0.514, 0.517, 0.52, 0.524, 0.525, 0.526, 0.528, 0.528, 0.531, 0.535, 0.535, 0.536]",0.446,0.414889378659334,0.47742941728770893,0.757,0.7291836070488286,0.7832941845200095,"[1.0, 1.0, 1.0, 1.0, 1.0, 0.999, 1.0, 1.0, 1.0, 1.0, 1.0, 1.0, 1.0, 0.999, 1.0, 1.0, 1.0, 1.0, 1.0, 1.0, 0.999, 1.0, 0.999, 1.0, 0.999, 1.0, 0.998, 0.999, 0.999, 0.999, 0.995, 0.998, 0.997, 0.998, 0.996, 0.997, 0.996, 0.994, 0.997, 0.99, 0.991, 0.991, 0.993, 0.991, 0.986, 0.987, 0.992, 0.99, 0.987, 0.988, 0.989, 0.986, 0.99, 0.989, 0.991, 0.989, 0.989, 0.995, 0.992, 0.99, 0.991, 0.994, 0.995, 0.99, 0.998, 0.993, 0.994, 0.998, 0.994, 0.999, 0.993, 0.999, 0.994, 0.998, 0.998, 0.997, 0.999, 0.998, 0.998, 0.996, 0.999, 0.999, 0.997, 0.995, 0.997, 0.999, 0.999, 0.997, 0.999, 0.998, 0.998, 0.998, 0.993, 0.994, 0.997, 0.995, 0.997, 0.998, 0.999, 0.995, 0.993, 0.998, 0.994, 0.993, 0.993, 0.992, 0.994, 0.996, 0.992, 0.991, 0.993, 0.992, 0.995, 0.998, 0.992, 0.994, 0.994, 0.993, 0.994, 0.996, 0.993, 0.988, 0.991, 0.991, 0.988, 0.992, 0.993, 0.995, 0.993, 0.99, 0.988, 0.991, 0.99, 0.99, 0.984, 0.993, 0.995, 0.988, 0.99, 0.996, 0.996, 0.992, 0.995, 0.992, 0.994, 0.995, 0.996, 0.992, 0.99, 0.994, 0.995, 0.993, 0.994, 0.992, 0.989, 0.994, 0.998, 0.994, 0.996, 0.997, 0.998, 0.996, 0.994, 0.994, 0.996, 0.995, 0.999, 0.996, 0.997, 0.995, 0.994, 0.997, 0.994, 0.996, 0.997, 0.994, 0.996, 0.993, 0.994, 0.995, 0.992, 0.992, 0.998, 0.997, 0.994, 0.992, 0.994, 0.998, 0.998, 0.995, 0.995, 0.995, 0.999, 0.997, 0.997, 0.996, 0.999, 0.994, 0.993, 0.994, 0.992]",0,0
,0,1,0.0,0.0,0.00368208389686564,"[0.863, 0.86, 0.859, 0.858, 0.854, 0.854, 0.853, 0.851, 0.847, 0.846, 0.841, 0.836, 0.833, 0.826, 0.82, 0.817, 0.81, 0.802, 0.794, 0.788, 0.784, 0.776, 0.767, 0.765, 0.75, 0.738, 0.725, 0.712, 0.702, 0.689, 0.674, 0.647, 0.634, 0.612, 0.593, 0.571, 0.553, 0.53, 0.501, 0.472, 0.445, 0.411, 0.384, 0.367, 0.364, 0.362, 0.365, 0.377, 0.407, 0.426, 0.436, 0.457, 0.473, 0.495, 0.509, 0.511, 0.537, 0.552, 0.571, 0.578, 0.59, 0.598, 0.61, 0.618, 0.628, 0.64, 0.651, 0.661, 0.662, 0.658, 0.664, 0.667, 0.66, 0.661, 0.659, 0.665, 0.668, 0.668, 0.671, 0.673, 0.673, 0.671, 0.672, 0.669, 0.664, 0.666, 0.658, 0.647, 0.639, 0.626, 0.614, 0.604, 0.591, 0.581, 0.567, 0.552, 0.54, 0.523, 0.513, 0.503, 0.492, 0.473, 0.462, 0.446, 0.438, 0.432, 0.426, 0.416, 0.412, 0.406, 0.403, 0.398, 0.394, 0.384, 0.383, 0.385, 0.384, 0.379, 0.375, 0.378, 0.371, 0.363, 0.362, 0.361, 0.364, 0.365, 0.372, 0.373, 0.381, 0.385, 0.392, 0.399, 0.399, 0.402, 0.399, 0.406, 0.416, 0.43, 0.442, 0.452, 0.458, 0.47, 0.486, 0.489, 0.501, 0.505, 0.515, 0.524, 0.539, 0.548, 0.561, 0.568, 0.578, 0.588, 0.597, 0.602, 0.618, 0.624, 0.63, 0.637, 0.644, 0.652, 0.656, 0.66, 0.664, 0.671, 0.673, 0.677, 0.682, 0.686, 0.69, 0.692, 0.696, 0.7, 0.701, 0.705, 0.712, 0.717, 0.718, 0.719, 0.721, 0.722, 0.725, 0.726, 0.729, 0.732, 0.738, 0.738, 0.742, 0.743, 0.743, 0.746, 0.748, 0.748, 0.749, 0.752, 0.753, 0.753, 0.755, 0.755, 0.756]",0.439,0.4079601492061336,0.4703999842949588,0.733,0.7044208965885984,0.7602000487931145,"[0.999, 0.998, 0.994, 0.998, 0.996, 0.997, 0.995, 0.999, 0.998, 0.995, 0.998, 0.997, 0.997, 0.998, 0.995, 0.995, 0.997, 0.995, 0.996, 0.992, 0.995, 0.996, 0.99, 0.995, 0.987, 0.996, 0.992, 0.995, 0.994, 0.991, 0.995, 0.994, 0.993, 0.996, 0.991, 0.995, 0.996, 0.988, 0.991, 0.994, 0.987, 0.994, 0.992, 0.995, 0.989, 0.988, 0.992, 0.992, 0.986, 0.996, 0.997, 0.991, 0.995, 0.992, 0.991, 0.993, 0.995, 0.997, 0.993, 0.994, 0.991, 0.996, 0.998, 0.991, 0.999, 0.993, 0.993, 0.998, 0.991, 0.997, 0.994, 0.999, 0.993, 0.997, 0.998, 0.996, 0.997, 0.995, 0.996, 0.992, 0.994, 0.996, 0.996, 0.992, 0.995, 0.996, 0.994, 0.992, 0.997, 0.993, 0.993, 0.995, 0.99, 0.992, 0.993, 0.991, 0.99, 0.996, 0.993, 0.992, 0.992, 0.994, 0.99, 0.99, 0.991, 0.988, 0.993, 0.994, 0.988, 0.991, 0.992, 0.991, 0.99, 0.996, 0.991, 0.99, 0.991, 0.993, 0.993, 0.996, 0.991, 0.985, 0.991, 0.99, 0.993, 0.994, 0.994, 0.997, 0.993, 0.993, 0.987, 0.99, 0.992, 0.991, 0.987, 0.992, 0.996, 0.989, 0.993, 0.996, 0.996, 0.994, 0.997, 0.992, 0.996, 0.997, 0.998, 0.996, 0.994, 0.996, 0.997, 0.996, 0.995, 0.994, 0.993, 0.995, 1.0, 0.996, 0.998, 0.998, 0.999, 0.998, 0.996, 0.997, 0.998, 0.998, 0.999, 0.999, 0.998, 0.995, 0.996, 0.999, 0.998, 0.998, 0.997, 0.996, 0.997, 0.999, 0.996, 0.997, 0.995, 0.997, 0.998, 0.998, 0.997, 0.996, 0.998, 0.999, 1.0, 0.996, 0.998, 0.998, 0.999, 1.0, 1.0, 0.999, 1.0, 0.997, 0.997, 0.996, 0.995]",0,0
,0,2,0.103,0.0848513653499176,0.1235229264014257,"[0.99, 0.989, 0.989, 0.988, 0.988, 0.988, 0.988, 0.988, 0.987, 0.987, 0.986, 0.986, 0.985, 0.984, 0.984, 0.983, 0.979, 0.978, 0.975, 0.973, 0.97, 0.969, 0.966, 0.964, 0.961, 0.958, 0.953, 0.944, 0.936, 0.93, 0.918, 0.906, 0.893, 0.881, 0.861, 0.844, 0.819, 0.793, 0.757, 0.724, 0.691, 0.644, 0.618, 0.593, 0.585, 0.58, 0.574, 0.589, 0.599, 0.61, 0.621, 0.631, 0.645, 0.675, 0.702, 0.72, 0.742, 0.753, 0.77, 0.779, 0.786, 0.797, 0.808, 0.818, 0.829, 0.841, 0.851, 0.861, 0.866, 0.874, 0.882, 0.891, 0.897, 0.905, 0.91, 0.915, 0.919, 0.921, 0.92, 0.927, 0.928, 0.927, 0.924, 0.916, 0.904, 0.898, 0.893, 0.881, 0.868, 0.849, 0.821, 0.808, 0.793, 0.775, 0.763, 0.735, 0.721, 0.718, 0.704, 0.696, 0.681, 0.664, 0.654, 0.636, 0.626, 0.616, 0.614, 0.615, 0.612, 0.6, 0.596, 0.591, 0.59, 0.59, 0.584, 0.579, 0.577, 0.576, 0.579, 0.583, 0.575, 0.569, 0.568, 0.571, 0.573, 0.579, 0.584, 0.591, 0.596, 0.598, 0.603, 0.613, 0.621, 0.627, 0.636, 0.644, 0.65, 0.661, 0.667, 0.671, 0.682, 0.694, 0.704, 0.714, 0.726, 0.738, 0.749, 0.754, 0.76, 0.764, 0.775, 0.78, 0.784, 0.795, 0.801, 0.806, 0.817, 0.821, 0.825, 0.829, 0.833, 0.84, 0.845, 0.848, 0.849, 0.853, 0.856, 0.862, 0.863, 0.865, 0.872, 0.874, 0.877, 0.877, 0.88, 0.883, 0.886, 0.89, 0.892, 0.894, 0.898, 0.899, 0.902, 0.903, 0.905, 0.905, 0.907, 0.908, 0.909, 0.909, 0.909, 0.91, 0.913, 0.913, 0.914, 0.914, 0.915, 0.915, 0.915, 0.915, 0.915]",0.697,0.6674670123954286,0.7253680121243788,0.908,0.8883642274816803,0.9251915548221445,"[1.0, 1.0, 1.0, 1.0, 1.0, 0.999, 1.0, 1.0, 1.0, 1.0, 1.0, 1.0, 1.0, 0.999, 1.0, 1.0, 1.0, 1.0, 0.999, 1.0, 0.999, 1.0, 0.998, 1.0, 0.998, 1.0, 0.999, 0.998, 0.999, 0.998, 0.996, 0.997, 0.997, 1.0, 0.997, 0.996, 0.997, 0.994, 0.997, 0.995, 0.996, 0.997, 0.995, 0.998, 0.995, 0.996, 0.995, 0.996, 0.995, 0.997, 0.998, 0.997, 0.998, 0.996, 0.995, 0.997, 0.997, 0.999, 0.998, 0.995, 0.998, 0.998, 1.0, 0.997, 0.999, 0.998, 0.996, 0.998, 0.995, 1.0, 0.997, 1.0, 0.999, 0.998, 0.999, 0.998, 0.999, 0.999, 0.998, 0.997, 0.999, 0.999, 1.0, 0.999, 0.998, 1.0, 0.999, 0.999, 1.0, 0.999, 0.998, 0.997, 0.995, 0.996, 0.998, 0.997, 0.997, 0.999, 0.999, 0.997, 0.996, 0.998, 0.996, 0.993, 0.993, 0.992, 0.997, 0.997, 0.994, 0.993, 0.997, 0.996, 0.997, 0.999, 0.994, 0.994, 0.995, 0.997, 0.996, 0.997, 0.996, 0.991, 0.995, 0.994, 0.997, 0.997, 0.999, 0.997, 0.995, 0.994, 0.992, 0.996, 0.994, 0.993, 0.993, 0.999, 0.998, 0.995, 0.996, 0.998, 0.999, 0.998, 0.999, 0.995, 0.997, 0.998, 0.999, 0.999, 0.995, 0.998, 0.999, 0.998, 0.999, 0.998, 0.997, 0.997, 1.0, 0.998, 0.999, 0.999, 1.0, 1.0, 0.998, 0.998, 0.998, 0.998, 1.0, 1.0, 0.998, 0.996, 0.999, 1.0, 1.0, 0.999, 0.999, 0.998, 0.999, 0.997, 1.0, 1.0, 0.999, 0.999, 1.0, 1.0, 1.0, 1.0, 1.0, 0.999, 1.0, 0.998, 1.0, 1.0, 1.0, 1.0, 0.999, 0.999, 1.0, 0.998, 0.998, 0.998, 0.998]",0,0
,0,3,0.28,0.2523528830034036,0.30894878601906306,"[0.991, 0.991, 0.991, 0.991, 0.991, 0.992, 0.992, 0.993, 0.993, 0.993, 0.993, 0.993, 0.993, 0.993, 0.993, 0.992, 0.99, 0.989, 0.99, 0.988, 0.988, 0.987, 0.986, 0.985, 0.984, 0.982, 0.979, 0.977, 0.974, 0.972, 0.968, 0.962, 0.956, 0.952, 0.933, 0.923, 0.905, 0.888, 0.866, 0.834, 0.795, 0.762, 0.744, 0.721, 0.71, 0.69, 0.678, 0.674, 0.67, 0.681, 0.69, 0.702, 0.717, 0.745, 0.771, 0.796, 0.823, 0.837, 0.851, 0.865, 0.878, 0.885, 0.897, 0.904, 0.913, 0.924, 0.934, 0.939, 0.941, 0.946, 0.95, 0.955, 0.958, 0.961, 0.962, 0.965, 0.966, 0.966, 0.964, 0.964, 0.964, 0.957, 0.953, 0.943, 0.931, 0.927, 0.918, 0.904, 0.895, 0.879, 0.857, 0.844, 0.828, 0.812, 0.805, 0.78, 0.772, 0.768, 0.756, 0.75, 0.74, 0.734, 0.73, 0.717, 0.708, 0.703, 0.704, 0.709, 0.713, 0.703, 0.706, 0.713, 0.716, 0.718, 0.721, 0.723, 0.728, 0.732, 0.739, 0.743, 0.747, 0.746, 0.75, 0.758, 0.764, 0.771, 0.783, 0.789, 0.8, 0.806, 0.813, 0.823, 0.832, 0.841, 0.847, 0.852, 0.86, 0.869, 0.874, 0.882, 0.891, 0.897, 0.902, 0.912, 0.919, 0.928, 0.938, 0.943, 0.947, 0.951, 0.953, 0.956, 0.963, 0.964, 0.966, 0.967, 0.972, 0.974, 0.975, 0.975, 0.977, 0.977, 0.98, 0.981, 0.981, 0.983, 0.984, 0.984, 0.984, 0.985, 0.985, 0.986, 0.987, 0.987, 0.988, 0.99, 0.991, 0.992, 0.992, 0.992, 0.993, 0.993, 0.993, 0.993, 0.993, 0.993, 0.993, 0.993, 0.993, 0.993, 0.993, 0.993, 0.993, 0.993, 0.993, 0.993, 0.993, 0.993, 0.993, 0.993, 0.993]",0.818,0.7926611505098348,0.841450346688562,0.952,0.9368598845984908,0.9643997346571167,"[1.0, 1.0, 1.0, 1.0, 1.0, 0.999, 1.0, 1.0, 1.0, 1.0, 1.0, 1.0, 1.0, 0.999, 1.0, 1.0, 1.0, 1.0, 1.0, 1.0, 0.999, 1.0, 0.999, 1.0, 0.999, 1.0, 0.999, 1.0, 1.0, 1.0, 0.998, 0.998, 0.998, 1.0, 0.997, 0.997, 0.999, 0.997, 0.999, 0.995, 0.998, 0.998, 0.997, 0.999, 0.998, 0.997, 0.996, 0.996, 0.995, 1.0, 1.0, 0.999, 0.999, 0.996, 0.996, 0.997, 0.999, 0.999, 0.998, 0.996, 0.998, 0.998, 1.0, 0.999, 1.0, 0.999, 0.997, 1.0, 0.997, 1.0, 1.0, 1.0, 1.0, 0.999, 0.999, 0.999, 0.999, 0.999, 0.999, 0.997, 1.0, 0.999, 1.0, 1.0, 0.999, 1.0, 0.999, 0.999, 1.0, 0.999, 0.998, 0.999, 0.996, 0.996, 0.999, 0.999, 0.997, 1.0, 0.999, 0.997, 0.996, 0.998, 0.998, 0.995, 0.996, 0.993, 0.998, 0.998, 0.997, 0.996, 0.998, 0.997, 0.999, 1.0, 0.995, 0.997, 0.997, 0.998, 0.999, 0.999, 0.999, 0.993, 0.998, 0.997, 0.999, 0.999, 0.999, 0.998, 0.998, 0.997, 0.995, 0.997, 0.997, 0.996, 0.995, 0.999, 0.999, 0.998, 1.0, 0.999, 1.0, 0.999, 1.0, 0.996, 0.997, 1.0, 0.999, 1.0, 1.0, 0.998, 1.0, 0.999, 1.0, 1.0, 1.0, 0.999, 1.0, 0.999, 0.999, 1.0, 1.0, 1.0, 0.999, 0.998, 1.0, 0.999, 1.0, 1.0, 0.999, 0.999, 1.0, 1.0, 1.0, 0.999, 0.999, 1.0, 1.0, 1.0, 1.0, 1.0, 1.0, 1.0, 1.0, 1.0, 1.0, 1.0, 1.0, 1.0, 1.0, 0.999, 1.0, 1.0, 1.0, 1.0, 1.0, 1.0, 1.0, 0.999, 0.999, 1.0, 0.999]",0,0
λ,1,0,0.033,0.022822383349459574,0.04603398181702323,"[0.985, 0.983, 0.982, 0.982, 0.982, 0.982, 0.981, 0.981, 0.98, 0.979, 0.977, 0.975, 0.973, 0.971, 0.967, 0.962, 0.958, 0.954, 0.95, 0.945, 0.943, 0.937, 0.934, 0.926, 0.916, 0.912, 0.897, 0.883, 0.871, 0.86, 0.84, 0.82, 0.795, 0.762, 0.735, 0.689, 0.647, 0.59, 0.523, 0.465, 0.412, 0.356, 0.326, 0.306, 0.309, 0.324, 0.346, 0.378, 0.433, 0.485, 0.538, 0.592, 0.64, 0.695, 0.734, 0.77, 0.81, 0.829, 0.85, 0.867, 0.881, 0.888, 0.898, 0.905, 0.913, 0.925, 0.934, 0.939, 0.941, 0.946, 0.95, 0.955, 0.958, 0.961, 0.961, 0.964, 0.965, 0.965, 0.964, 0.963, 0.961, 0.955, 0.949, 0.942, 0.928, 0.922, 0.905, 0.888, 0.873, 0.86, 0.845, 0.826, 0.811, 0.787, 0.763, 0.735, 0.71, 0.697, 0.68, 0.66, 0.637, 0.621, 0.603, 0.586, 0.572, 0.555, 0.541, 0.528, 0.514, 0.502, 0.492, 0.482, 0.465, 0.457, 0.445, 0.437, 0.428, 0.419, 0.411, 0.409, 0.401, 0.396, 0.386, 0.379, 0.381, 0.381, 0.378, 0.377, 0.373, 0.375, 0.375, 0.373, 0.37, 0.372, 0.377, 0.375, 0.38, 0.386, 0.396, 0.398, 0.397, 0.405, 0.412, 0.42, 0.425, 0.44, 0.452, 0.465, 0.474, 0.486, 0.493, 0.5, 0.514, 0.523, 0.536, 0.545, 0.554, 0.562, 0.569, 0.581, 0.586, 0.594, 0.603, 0.612, 0.617, 0.63, 0.636, 0.645, 0.652, 0.66, 0.668, 0.672, 0.68, 0.682, 0.688, 0.694, 0.698, 0.703, 0.708, 0.714, 0.717, 0.719, 0.723, 0.726, 0.734, 0.737, 0.741, 0.744, 0.746, 0.747, 0.747, 0.748, 0.751, 0.752, 0.755, 0.758, 0.759, 0.759, 0.76, 0.761, 0.762]",0.592,0.5608053224405999,0.622651415555399,0.857,0.8337528434032783,0.8781213571241084,"[1.0, 1.0, 1.0, 1.0, 1.0, 0.999, 1.0, 1.0, 1.0, 1.0, 1.0, 1.0, 1.0, 0.999, 1.0, 1.0, 1.0, 1.0, 0.999, 0.999, 0.999, 1.0, 0.998, 1.0, 0.998, 1.0, 0.998, 0.998, 0.996, 0.995, 0.996, 0.996, 0.996, 0.999, 0.997, 0.995, 0.996, 0.992, 0.991, 0.991, 0.99, 0.994, 0.99, 0.993, 0.994, 0.995, 0.994, 0.995, 0.99, 0.995, 0.998, 0.998, 0.999, 0.992, 0.995, 0.996, 0.999, 0.999, 0.998, 0.995, 0.998, 0.998, 1.0, 0.999, 1.0, 0.998, 0.997, 1.0, 0.997, 1.0, 1.0, 1.0, 1.0, 0.999, 0.999, 0.999, 0.999, 0.999, 0.999, 0.997, 1.0, 0.999, 1.0, 1.0, 0.999, 1.0, 0.998, 0.999, 1.0, 0.998, 0.998, 0.998, 0.996, 0.996, 0.999, 0.997, 0.999, 0.999, 0.999, 0.996, 0.994, 0.996, 0.997, 0.996, 0.997, 0.993, 0.996, 0.996, 0.995, 0.994, 0.997, 0.996, 0.996, 0.997, 0.994, 0.996, 0.995, 0.994, 0.996, 0.996, 0.992, 0.989, 0.993, 0.996, 0.996, 0.998, 0.995, 0.998, 0.993, 0.994, 0.989, 0.994, 0.995, 0.992, 0.988, 0.996, 0.997, 0.991, 0.994, 0.998, 0.997, 0.994, 0.997, 0.994, 0.996, 0.996, 0.998, 0.994, 0.993, 0.997, 0.997, 0.996, 0.995, 0.994, 0.99, 0.994, 0.999, 0.995, 0.997, 0.999, 0.998, 0.998, 0.995, 0.996, 0.998, 0.998, 0.999, 0.997, 0.997, 0.995, 0.995, 0.998, 0.997, 0.998, 0.998, 0.997, 0.997, 0.996, 0.998, 0.998, 0.996, 0.996, 0.998, 0.998, 0.996, 0.998, 0.998, 0.998, 0.999, 0.997, 0.998, 0.998, 0.999, 0.999, 0.997, 0.998, 1.0, 0.997, 0.995, 0.996, 0.995]",20,20
K,2,0,0.017,0.009933512592716534,0.027079496864851338,"[0.591, 0.584, 0.579, 0.574, 0.568, 0.562, 0.554, 0.545, 0.537, 0.53, 0.518, 0.51, 0.501, 0.492, 0.48, 0.47, 0.454, 0.436, 0.426, 0.412, 0.394, 0.383, 0.362, 0.349, 0.336, 0.314, 0.299, 0.274, 0.259, 0.242, 0.22, 0.198, 0.19, 0.182, 0.173, 0.166, 0.153, 0.153, 0.161, 0.175, 0.185, 0.204, 0.237, 0.267, 0.302, 0.346, 0.374, 0.404, 0.432, 0.463, 0.486, 0.504, 0.519, 0.53, 0.531, 0.537, 0.537, 0.531, 0.528, 0.518, 0.512, 0.505, 0.498, 0.491, 0.481, 0.464, 0.454, 0.437, 0.426, 0.413, 0.402, 0.398, 0.4, 0.395, 0.392, 0.393, 0.396, 0.404, 0.411, 0.426, 0.43, 0.433, 0.445, 0.454, 0.458, 0.475, 0.485, 0.49, 0.496, 0.502, 0.513, 0.521, 0.53, 0.544, 0.548, 0.555, 0.565, 0.578, 0.589, 0.596, 0.605, 0.617, 0.629, 0.638, 0.653, 0.662, 0.674, 0.682, 0.695, 0.702, 0.717, 0.727, 0.742, 0.754, 0.764, 0.77, 0.774, 0.784, 0.796, 0.81, 0.819, 0.829, 0.836, 0.844, 0.85, 0.857, 0.865, 0.872, 0.878, 0.882, 0.892, 0.901, 0.903, 0.907, 0.916, 0.922, 0.93, 0.932, 0.937, 0.945, 0.948, 0.952, 0.954, 0.958, 0.96, 0.96, 0.964, 0.965, 0.968, 0.969, 0.971, 0.974, 0.974, 0.975, 0.978, 0.978, 0.979, 0.98, 0.981, 0.981, 0.982, 0.982, 0.983, 0.983, 0.984, 0.984, 0.984, 0.984, 0.985, 0.986, 0.987, 0.987, 0.987, 0.988, 0.989, 0.991, 0.992, 0.992, 0.992, 0.993, 0.993, 0.993, 0.993, 0.993, 0.993, 0.993, 0.993, 0.993, 0.993, 0.993, 0.993, 0.993, 0.993, 0.993, 0.993, 0.993, 0.993, 0.993, 0.993, 0.993, 0.993]",0.503,0.47154087501966585,0.534441416228923,0.796,0.7696691682398447,0.8205749456359209,"[0.996, 0.995, 0.992, 0.992, 0.992, 0.995, 0.993, 0.994, 0.995, 0.988, 0.994, 0.994, 0.992, 0.989, 0.988, 0.987, 0.991, 0.989, 0.987, 0.986, 0.99, 0.992, 0.983, 0.993, 0.98, 0.99, 0.985, 0.988, 0.988, 0.984, 0.986, 0.992, 0.988, 0.99, 0.987, 0.99, 0.992, 0.985, 0.988, 0.991, 0.986, 0.991, 0.99, 0.992, 0.991, 0.993, 0.99, 0.989, 0.985, 0.992, 0.996, 0.995, 0.995, 0.992, 0.992, 0.993, 0.994, 0.995, 0.997, 0.99, 0.994, 0.994, 0.997, 0.989, 0.998, 0.991, 0.987, 0.995, 0.989, 0.996, 0.989, 0.997, 0.991, 0.993, 0.993, 0.994, 0.997, 0.992, 0.994, 0.991, 0.996, 0.998, 0.993, 0.993, 0.993, 0.994, 0.992, 0.993, 0.996, 0.996, 0.994, 0.992, 0.993, 0.994, 0.997, 0.994, 0.997, 0.999, 0.996, 0.995, 0.996, 0.994, 0.994, 0.994, 0.996, 0.993, 0.998, 0.996, 0.994, 0.998, 0.999, 0.998, 0.999, 1.0, 0.997, 0.998, 0.997, 0.998, 1.0, 0.999, 0.998, 0.995, 0.999, 0.998, 0.999, 0.998, 0.998, 1.0, 1.0, 0.998, 0.998, 0.999, 0.999, 0.999, 0.999, 0.999, 0.999, 0.998, 1.0, 1.0, 1.0, 1.0, 1.0, 0.996, 0.998, 1.0, 0.999, 1.0, 1.0, 0.999, 1.0, 1.0, 1.0, 1.0, 1.0, 0.999, 1.0, 1.0, 0.999, 1.0, 1.0, 1.0, 0.999, 0.998, 1.0, 0.999, 1.0, 1.0, 0.999, 0.999, 1.0, 1.0, 1.0, 1.0, 0.999, 1.0, 1.0, 1.0, 1.0, 1.0, 1.0, 1.0, 1.0, 1.0, 1.0, 1.0, 1.0, 1.0, 1.0, 0.999, 1.0, 1.0, 1.0, 1.0, 1.0, 1.0, 1.0, 0.999, 0.999, 1.0, 0.999]",20,20
C0,3,0,0.052,0.039076534943980494,0.06763501405050731,"[0.991, 0.991, 0.991, 0.991, 0.991, 0.992, 0.992, 0.993, 0.993, 0.993, 0.993, 0.993, 0.993, 0.993, 0.993, 0.992, 0.99, 0.989, 0.99, 0.988, 0.988, 0.987, 0.986, 0.985, 0.984, 0.982, 0.979, 0.977, 0.974, 0.972, 0.968, 0.963, 0.958, 0.953, 0.939, 0.929, 0.909, 0.894, 0.871, 0.842, 0.801, 0.762, 0.725, 0.683, 0.658, 0.61, 0.568, 0.531, 0.482, 0.449, 0.418, 0.385, 0.368, 0.347, 0.341, 0.329, 0.339, 0.34, 0.368, 0.382, 0.399, 0.434, 0.47, 0.509, 0.541, 0.577, 0.612, 0.646, 0.672, 0.697, 0.715, 0.741, 0.758, 0.781, 0.792, 0.799, 0.809, 0.818, 0.821, 0.826, 0.83, 0.833, 0.835, 0.825, 0.822, 0.822, 0.815, 0.804, 0.801, 0.79, 0.778, 0.767, 0.752, 0.733, 0.724, 0.703, 0.681, 0.65, 0.638, 0.621, 0.605, 0.584, 0.561, 0.541, 0.524, 0.51, 0.496, 0.477, 0.46, 0.444, 0.435, 0.419, 0.413, 0.401, 0.39, 0.384, 0.373, 0.361, 0.353, 0.348, 0.347, 0.342, 0.33, 0.328, 0.323, 0.318, 0.314, 0.308, 0.305, 0.299, 0.298, 0.297, 0.297, 0.298, 0.285, 0.281, 0.277, 0.28, 0.283, 0.295, 0.301, 0.301, 0.308, 0.308, 0.31, 0.314, 0.317, 0.322, 0.33, 0.334, 0.339, 0.342, 0.351, 0.356, 0.366, 0.372, 0.378, 0.382, 0.391, 0.395, 0.401, 0.405, 0.41, 0.412, 0.421, 0.429, 0.434, 0.437, 0.444, 0.451, 0.454, 0.458, 0.46, 0.466, 0.468, 0.474, 0.479, 0.48, 0.481, 0.484, 0.487, 0.49, 0.494, 0.496, 0.498, 0.501, 0.507, 0.507, 0.512, 0.514, 0.517, 0.52, 0.524, 0.525, 0.526, 0.528, 0.528, 0.531, 0.535, 0.535, 0.536]",0.498,0.4665553231858496,0.5294564826459982,0.794,0.7675848559485069,0.8186712810896977,"[1.0, 1.0, 1.0, 1.0, 1.0, 0.999, 1.0, 1.0, 1.0, 1.0, 1.0, 1.0, 1.0, 0.999, 1.0, 1.0, 1.0, 1.0, 1.0, 1.0, 0.999, 1.0, 1.0, 1.0, 0.999, 1.0, 0.999, 1.0, 1.0, 1.0, 0.998, 0.998, 0.998, 1.0, 0.998, 0.997, 0.999, 0.997, 1.0, 0.994, 0.996, 0.995, 0.994, 0.992, 0.99, 0.992, 0.994, 0.994, 0.993, 0.994, 0.993, 0.988, 0.99, 0.989, 0.992, 0.991, 0.989, 0.996, 0.993, 0.991, 0.991, 0.994, 0.995, 0.99, 0.998, 0.993, 0.994, 0.998, 0.994, 0.999, 0.993, 0.999, 0.994, 0.998, 0.998, 0.997, 0.999, 0.998, 0.998, 0.996, 0.999, 0.999, 0.997, 0.995, 0.997, 0.999, 0.999, 0.997, 0.999, 0.998, 0.998, 0.998, 0.995, 0.995, 0.997, 0.996, 0.999, 0.999, 0.999, 0.995, 0.995, 0.998, 0.996, 0.995, 0.996, 0.992, 0.996, 0.996, 0.993, 0.993, 0.995, 0.994, 0.997, 0.998, 0.993, 0.996, 0.994, 0.993, 0.995, 0.996, 0.994, 0.99, 0.991, 0.995, 0.993, 0.997, 0.994, 0.997, 0.993, 0.994, 0.989, 0.993, 0.995, 0.991, 0.988, 0.995, 0.995, 0.989, 0.991, 0.997, 0.996, 0.992, 0.996, 0.992, 0.995, 0.995, 0.997, 0.993, 0.991, 0.995, 0.996, 0.994, 0.995, 0.992, 0.989, 0.994, 0.998, 0.994, 0.996, 0.997, 0.998, 0.996, 0.994, 0.994, 0.996, 0.995, 0.999, 0.996, 0.997, 0.995, 0.994, 0.997, 0.994, 0.996, 0.997, 0.994, 0.996, 0.993, 0.994, 0.995, 0.992, 0.992, 0.998, 0.997, 0.994, 0.992, 0.994, 0.998, 0.998, 0.995, 0.995, 0.995, 0.999, 0.997, 0.997, 0.996, 0.999, 0.994, 0.993, 0.994, 0.992]",20,20
,0,1,0.032,0.02198884960564242,0.04487590283500931,"[0.849, 0.848, 0.844, 0.842, 0.839, 0.839, 0.837, 0.833, 0.832, 0.829, 0.82, 0.819, 0.816, 0.81, 0.805, 0.799, 0.793, 0.786, 0.783, 0.776, 0.771, 0.763, 0.752, 0.745, 0.732, 0.716, 0.704, 0.688, 0.682, 0.674, 0.659, 0.646, 0.635, 0.622, 0.607, 0.591, 0.563, 0.536, 0.513, 0.488, 0.453, 0.419, 0.406, 0.408, 0.418, 0.429, 0.432, 0.436, 0.454, 0.467, 0.473, 0.494, 0.522, 0.533, 0.55, 0.559, 0.567, 0.57, 0.593, 0.607, 0.617, 0.632, 0.64, 0.655, 0.661, 0.661, 0.674, 0.681, 0.69, 0.695, 0.697, 0.708, 0.713, 0.721, 0.721, 0.725, 0.73, 0.732, 0.738, 0.749, 0.75, 0.749, 0.751, 0.749, 0.74, 0.739, 0.734, 0.726, 0.724, 0.72, 0.718, 0.708, 0.704, 0.689, 0.68, 0.667, 0.652, 0.642, 0.638, 0.635, 0.624, 0.618, 0.614, 0.601, 0.593, 0.585, 0.578, 0.573, 0.568, 0.563, 0.559, 0.552, 0.546, 0.548, 0.544, 0.54, 0.533, 0.528, 0.529, 0.534, 0.536, 0.533, 0.53, 0.53, 0.531, 0.531, 0.53, 0.528, 0.528, 0.526, 0.529, 0.528, 0.528, 0.534, 0.539, 0.539, 0.543, 0.549, 0.553, 0.554, 0.556, 0.557, 0.562, 0.565, 0.567, 0.577, 0.588, 0.595, 0.6, 0.604, 0.608, 0.614, 0.621, 0.629, 0.636, 0.642, 0.649, 0.653, 0.656, 0.665, 0.667, 0.669, 0.675, 0.678, 0.682, 0.688, 0.691, 0.697, 0.705, 0.709, 0.715, 0.718, 0.721, 0.721, 0.726, 0.731, 0.732, 0.735, 0.736, 0.74, 0.743, 0.744, 0.746, 0.747, 0.753, 0.756, 0.758, 0.758, 0.762, 0.764, 0.767, 0.767, 0.771, 0.771, 0.775, 0.776, 0.776, 0.776, 0.777, 0.778, 0.779]",0.527,0.4955145839930305,0.5583260325172668,0.819,0.7937091934424307,0.8423962581557706,"[0.998, 0.998, 0.997, 0.997, 0.997, 0.998, 0.998, 0.997, 0.999, 0.997, 0.997, 0.998, 1.0, 0.996, 0.997, 0.996, 0.995, 0.995, 0.996, 0.996, 0.998, 0.997, 0.994, 0.998, 0.994, 0.996, 0.996, 0.996, 0.994, 0.994, 0.993, 0.995, 0.994, 0.999, 0.995, 0.995, 0.995, 0.992, 0.994, 0.991, 0.993, 0.993, 0.992, 0.99, 0.991, 0.992, 0.991, 0.992, 0.99, 0.991, 0.995, 0.996, 0.994, 0.992, 0.994, 0.994, 0.996, 0.996, 0.996, 0.991, 0.994, 0.995, 0.997, 0.99, 0.999, 0.995, 0.994, 0.997, 0.995, 0.998, 0.994, 0.997, 0.994, 0.996, 0.999, 0.996, 0.998, 0.997, 0.997, 0.994, 1.0, 0.999, 0.995, 0.996, 0.996, 0.996, 0.997, 0.999, 0.996, 0.998, 0.996, 0.998, 0.995, 0.994, 0.997, 0.996, 0.998, 0.999, 0.998, 0.995, 0.996, 0.997, 0.996, 0.994, 0.997, 0.993, 0.998, 0.996, 0.995, 0.996, 0.997, 0.998, 0.997, 0.999, 0.994, 0.996, 0.995, 0.994, 0.997, 0.997, 0.995, 0.991, 0.992, 0.998, 0.997, 0.997, 0.997, 0.998, 0.996, 0.995, 0.992, 0.994, 0.997, 0.996, 0.989, 0.996, 0.996, 0.993, 0.997, 0.999, 0.998, 0.994, 0.997, 0.994, 0.996, 0.997, 0.997, 0.996, 0.993, 0.998, 0.998, 0.998, 0.996, 0.994, 0.993, 0.995, 0.999, 0.997, 0.997, 0.998, 0.998, 0.998, 0.997, 0.996, 0.998, 0.997, 1.0, 0.998, 0.998, 0.995, 0.997, 0.997, 0.996, 0.998, 0.998, 0.995, 1.0, 0.995, 0.997, 0.998, 0.996, 0.997, 0.998, 0.999, 0.999, 0.996, 0.997, 0.998, 1.0, 0.997, 0.997, 0.997, 0.999, 0.999, 0.997, 0.998, 1.0, 0.995, 0.995, 0.998, 0.997]",20,20
,0,2,0.181,0.1576037418442294,0.20629080655756926,"[0.989, 0.988, 0.987, 0.988, 0.988, 0.989, 0.988, 0.989, 0.989, 0.988, 0.988, 0.988, 0.986, 0.985, 0.984, 0.983, 0.98, 0.977, 0.976, 0.975, 0.975, 0.97, 0.967, 0.964, 0.958, 0.955, 0.949, 0.946, 0.94, 0.937, 0.926, 0.919, 0.909, 0.894, 0.875, 0.857, 0.83, 0.8, 0.767, 0.733, 0.682, 0.649, 0.625, 0.606, 0.611, 0.603, 0.602, 0.604, 0.604, 0.618, 0.629, 0.643, 0.654, 0.684, 0.704, 0.722, 0.753, 0.763, 0.778, 0.791, 0.803, 0.811, 0.823, 0.829, 0.839, 0.853, 0.864, 0.877, 0.88, 0.891, 0.9, 0.907, 0.912, 0.918, 0.923, 0.93, 0.932, 0.934, 0.934, 0.939, 0.941, 0.939, 0.937, 0.927, 0.919, 0.915, 0.905, 0.894, 0.884, 0.873, 0.862, 0.849, 0.834, 0.816, 0.811, 0.801, 0.788, 0.784, 0.782, 0.767, 0.761, 0.754, 0.745, 0.733, 0.73, 0.726, 0.725, 0.72, 0.718, 0.714, 0.708, 0.704, 0.711, 0.708, 0.704, 0.704, 0.704, 0.703, 0.708, 0.713, 0.718, 0.721, 0.718, 0.718, 0.721, 0.725, 0.729, 0.731, 0.732, 0.733, 0.737, 0.741, 0.741, 0.743, 0.747, 0.751, 0.758, 0.765, 0.772, 0.78, 0.778, 0.782, 0.786, 0.79, 0.792, 0.797, 0.8, 0.806, 0.809, 0.814, 0.817, 0.821, 0.826, 0.828, 0.832, 0.837, 0.843, 0.846, 0.849, 0.855, 0.858, 0.862, 0.865, 0.87, 0.873, 0.877, 0.88, 0.884, 0.886, 0.89, 0.892, 0.894, 0.896, 0.897, 0.901, 0.904, 0.908, 0.91, 0.912, 0.913, 0.916, 0.916, 0.917, 0.917, 0.921, 0.923, 0.925, 0.926, 0.926, 0.927, 0.927, 0.927, 0.927, 0.927, 0.928, 0.929, 0.93, 0.93, 0.93, 0.93, 0.931]",0.743,0.7147256859770756,0.7698356610536244,0.936,0.919004925632949,0.9503669107081509,"[1.0, 1.0, 1.0, 1.0, 1.0, 0.999, 1.0, 1.0, 1.0, 1.0, 1.0, 1.0, 1.0, 0.999, 1.0, 1.0, 1.0, 1.0, 1.0, 0.999, 0.999, 1.0, 1.0, 1.0, 0.998, 1.0, 0.998, 0.999, 0.998, 0.999, 0.996, 0.997, 0.997, 1.0, 0.997, 0.996, 0.998, 0.994, 0.999, 0.994, 0.995, 0.997, 0.996, 0.997, 0.997, 0.996, 0.996, 0.996, 0.993, 0.998, 0.999, 0.998, 0.998, 0.994, 0.996, 0.997, 0.998, 0.999, 0.998, 0.993, 0.997, 0.998, 0.998, 0.997, 1.0, 0.998, 0.996, 0.998, 0.995, 1.0, 0.998, 1.0, 1.0, 0.999, 0.998, 0.998, 0.999, 0.999, 0.999, 0.997, 1.0, 0.999, 0.999, 0.998, 0.998, 0.999, 0.999, 0.998, 0.999, 0.999, 0.998, 0.998, 0.997, 0.997, 0.999, 0.997, 0.999, 0.999, 0.999, 0.997, 0.996, 0.998, 0.999, 0.996, 0.997, 0.994, 0.998, 0.997, 0.998, 0.997, 0.998, 0.999, 0.999, 0.998, 0.996, 0.998, 0.996, 0.997, 0.998, 0.999, 0.996, 0.995, 0.995, 0.997, 0.998, 0.999, 0.998, 0.999, 0.999, 0.996, 0.995, 0.998, 0.998, 0.997, 0.996, 0.999, 0.997, 0.993, 0.999, 1.0, 0.999, 1.0, 0.999, 0.995, 0.998, 0.999, 0.999, 0.998, 0.999, 0.999, 0.999, 0.998, 0.999, 0.999, 0.998, 0.996, 1.0, 0.998, 0.999, 0.999, 0.999, 0.999, 0.997, 0.998, 0.999, 0.999, 1.0, 0.999, 0.998, 0.999, 0.999, 1.0, 1.0, 1.0, 0.999, 0.998, 0.999, 0.999, 1.0, 0.999, 0.998, 0.999, 0.999, 0.999, 0.999, 0.999, 1.0, 1.0, 1.0, 0.998, 0.999, 0.999, 0.999, 1.0, 1.0, 0.999, 1.0, 0.998, 0.999, 0.997, 0.999]",40,20
,0,3,0.363,0.3331368399380181,0.3936725204750732,"[0.991, 0.991, 0.991, 0.991, 0.991, 0.992, 0.992, 0.993, 0.993, 0.993, 0.993, 0.993, 0.993, 0.993, 0.993, 0.992, 0.99, 0.989, 0.99, 0.988, 0.988, 0.987, 0.986, 0.985, 0.984, 0.982, 0.979, 0.977, 0.974, 0.972, 0.968, 0.963, 0.958, 0.953, 0.939, 0.929, 0.91, 0.896, 0.873, 0.844, 0.805, 0.774, 0.753, 0.73, 0.716, 0.696, 0.681, 0.68, 0.673, 0.681, 0.69, 0.702, 0.717, 0.745, 0.771, 0.797, 0.823, 0.837, 0.852, 0.867, 0.881, 0.888, 0.898, 0.905, 0.913, 0.925, 0.934, 0.939, 0.941, 0.946, 0.95, 0.955, 0.958, 0.961, 0.962, 0.965, 0.966, 0.966, 0.965, 0.964, 0.964, 0.958, 0.957, 0.947, 0.938, 0.936, 0.93, 0.917, 0.908, 0.898, 0.888, 0.876, 0.862, 0.845, 0.839, 0.829, 0.816, 0.81, 0.809, 0.799, 0.796, 0.793, 0.792, 0.786, 0.783, 0.782, 0.78, 0.779, 0.781, 0.78, 0.784, 0.789, 0.797, 0.801, 0.805, 0.808, 0.808, 0.815, 0.823, 0.831, 0.839, 0.847, 0.853, 0.858, 0.862, 0.868, 0.874, 0.88, 0.884, 0.888, 0.896, 0.902, 0.904, 0.908, 0.917, 0.923, 0.93, 0.932, 0.938, 0.945, 0.948, 0.952, 0.955, 0.959, 0.96, 0.96, 0.964, 0.965, 0.968, 0.969, 0.971, 0.974, 0.974, 0.975, 0.978, 0.978, 0.979, 0.98, 0.981, 0.981, 0.982, 0.982, 0.983, 0.983, 0.984, 0.984, 0.984, 0.984, 0.985, 0.986, 0.987, 0.987, 0.987, 0.988, 0.989, 0.991, 0.992, 0.992, 0.992, 0.993, 0.993, 0.993, 0.993, 0.993, 0.993, 0.993, 0.993, 0.993, 0.993, 0.993, 0.993, 0.993, 0.993, 0.993, 0.993, 0.993, 0.993, 0.993, 0.993, 0.993, 0.993]",0.849,0.825284533961809,0.8706386379973464,0.968,0.9551240971649907,0.9780111503943576,"[1.0, 1.0, 1.0, 1.0, 1.0, 0.999, 1.0, 1.0, 1.0, 1.0, 1.0, 1.0, 1.0, 0.999, 1.0, 1.0, 1.0, 1.0, 1.0, 1.0, 0.999, 1.0, 1.0, 1.0, 0.999, 1.0, 0.999, 1.0, 1.0, 1.0, 0.998, 0.998, 0.998, 1.0, 0.998, 0.997, 0.999, 0.999, 1.0, 0.996, 0.998, 0.998, 0.997, 0.999, 0.998, 0.997, 0.996, 0.996, 0.995, 1.0, 1.0, 0.999, 0.999, 0.996, 0.996, 0.997, 0.999, 1.0, 0.998, 0.996, 0.998, 0.998, 1.0, 0.999, 1.0, 0.999, 0.997, 1.0, 0.997, 1.0, 1.0, 1.0, 1.0, 0.999, 0.999, 0.999, 0.999, 0.999, 0.999, 0.997, 1.0, 0.999, 1.0, 1.0, 0.999, 1.0, 0.999, 0.999, 1.0, 0.999, 0.998, 0.999, 0.997, 0.997, 0.999, 0.999, 0.999, 1.0, 0.999, 0.997, 0.997, 0.998, 0.999, 0.996, 0.997, 0.994, 0.998, 0.998, 0.998, 0.998, 0.999, 0.999, 1.0, 1.0, 0.997, 0.998, 0.997, 0.998, 1.0, 0.999, 0.999, 0.995, 0.999, 0.998, 0.999, 0.999, 0.999, 1.0, 1.0, 0.999, 0.998, 0.999, 0.999, 0.999, 0.999, 0.999, 0.999, 0.998, 1.0, 1.0, 1.0, 1.0, 1.0, 0.996, 0.998, 1.0, 0.999, 1.0, 1.0, 0.999, 1.0, 1.0, 1.0, 1.0, 1.0, 0.999, 1.0, 1.0, 0.999, 1.0, 1.0, 1.0, 0.999, 0.998, 1.0, 0.999, 1.0, 1.0, 0.999, 0.999, 1.0, 1.0, 1.0, 1.0, 0.999, 1.0, 1.0, 1.0, 1.0, 1.0, 1.0, 1.0, 1.0, 1.0, 1.0, 1.0, 1.0, 1.0, 1.0, 0.999, 1.0, 1.0, 1.0, 1.0, 1.0, 1.0, 1.0, 0.999, 0.999, 1.0, 0.999]",60,20
λ,1,0,0.033,0.022822383349459574,0.04603398181702323,"[0.985, 0.983, 0.982, 0.982, 0.982, 0.982, 0.981, 0.981, 0.98, 0.979, 0.977, 0.975, 0.973, 0.971, 0.967, 0.962, 0.958, 0.954, 0.95, 0.945, 0.943, 0.937, 0.934, 0.926, 0.916, 0.912, 0.897, 0.883, 0.871, 0.86, 0.84, 0.82, 0.794, 0.762, 0.735, 0.689, 0.647, 0.59, 0.523, 0.465, 0.412, 0.356, 0.326, 0.307, 0.309, 0.324, 0.347, 0.378, 0.433, 0.485, 0.538, 0.592, 0.64, 0.695, 0.734, 0.77, 0.81, 0.829, 0.85, 0.867, 0.881, 0.888, 0.898, 0.905, 0.913, 0.925, 0.934, 0.939, 0.941, 0.946, 0.95, 0.955, 0.958, 0.961, 0.961, 0.964, 0.965, 0.965, 0.964, 0.963, 0.961, 0.955, 0.949, 0.942, 0.928, 0.922, 0.905, 0.888, 0.873, 0.86, 0.845, 0.827, 0.811, 0.787, 0.763, 0.735, 0.709, 0.697, 0.68, 0.66, 0.638, 0.621, 0.603, 0.586, 0.572, 0.557, 0.541, 0.528, 0.513, 0.502, 0.493, 0.482, 0.466, 0.457, 0.445, 0.437, 0.428, 0.419, 0.412, 0.409, 0.401, 0.397, 0.387, 0.38, 0.381, 0.381, 0.378, 0.377, 0.374, 0.375, 0.375, 0.376, 0.371, 0.373, 0.378, 0.378, 0.383, 0.389, 0.399, 0.4, 0.399, 0.407, 0.413, 0.421, 0.426, 0.441, 0.452, 0.466, 0.474, 0.485, 0.494, 0.5, 0.514, 0.523, 0.537, 0.546, 0.554, 0.562, 0.569, 0.581, 0.586, 0.595, 0.603, 0.612, 0.617, 0.63, 0.636, 0.645, 0.652, 0.66, 0.668, 0.672, 0.68, 0.682, 0.688, 0.694, 0.698, 0.703, 0.708, 0.714, 0.717, 0.719, 0.723, 0.726, 0.734, 0.737, 0.741, 0.743, 0.746, 0.747, 0.747, 0.748, 0.751, 0.752, 0.755, 0.758, 0.759, 0.759, 0.76, 0.761, 0.762]",0.592,0.5608053224405999,0.622651415555399,0.857,0.8337528434032783,0.8781213571241084,"[1.0, 1.0, 1.0, 1.0, 1.0, 0.999, 1.0, 1.0, 1.0, 1.0, 1.0, 1.0, 1.0, 0.999, 1.0, 1.0, 1.0, 1.0, 0.999, 0.999, 0.999, 1.0, 0.998, 1.0, 0.998, 1.0, 0.998, 0.998, 0.996, 0.995, 0.996, 0.996, 0.996, 0.999, 0.997, 0.995, 0.996, 0.992, 0.991, 0.991, 0.99, 0.994, 0.99, 0.993, 0.994, 0.995, 0.994, 0.995, 0.99, 0.995, 0.998, 0.998, 0.999, 0.992, 0.995, 0.996, 0.999, 0.999, 0.998, 0.995, 0.998, 0.998, 1.0, 0.999, 1.0, 0.998, 0.997, 1.0, 0.997, 1.0, 1.0, 1.0, 1.0, 0.999, 0.999, 0.999, 0.999, 0.999, 0.999, 0.997, 1.0, 0.999, 1.0, 1.0, 0.999, 1.0, 0.998, 0.999, 1.0, 0.998, 0.998, 0.998, 0.996, 0.996, 0.999, 0.997, 0.999, 0.999, 0.999, 0.996, 0.994, 0.996, 0.997, 0.996, 0.997, 0.993, 0.996, 0.996, 0.995, 0.994, 0.997, 0.996, 0.996, 0.997, 0.994, 0.996, 0.995, 0.994, 0.996, 0.996, 0.992, 0.989, 0.993, 0.996, 0.996, 0.998, 0.995, 0.998, 0.993, 0.994, 0.989, 0.994, 0.995, 0.992, 0.989, 0.996, 0.997, 0.991, 0.994, 0.998, 0.997, 0.994, 0.997, 0.994, 0.996, 0.996, 0.998, 0.994, 0.993, 0.997, 0.997, 0.996, 0.995, 0.994, 0.99, 0.994, 0.999, 0.995, 0.997, 0.999, 0.998, 0.998, 0.995, 0.996, 0.998, 0.998, 0.999, 0.997, 0.997, 0.995, 0.995, 0.998, 0.997, 0.998, 0.998, 0.997, 0.997, 0.996, 0.998, 0.998, 0.996, 0.996, 0.998, 0.998, 0.996, 0.998, 0.998, 0.998, 0.999, 0.997, 0.998, 0.998, 0.999, 0.999, 0.997, 0.998, 1.0, 0.997, 0.995, 0.996, 0.995]",40,40
K,2,0,0.017,0.009933512592716534,0.027079496864851338,"[0.591, 0.584, 0.579, 0.574, 0.568, 0.562, 0.554, 0.545, 0.537, 0.53, 0.518, 0.51, 0.501, 0.492, 0.48, 0.47, 0.454, 0.436, 0.426, 0.412, 0.394, 0.383, 0.362, 0.349, 0.336, 0.314, 0.299, 0.274, 0.259, 0.242, 0.22, 0.198, 0.19, 0.182, 0.173, 0.166, 0.153, 0.153, 0.162, 0.175, 0.185, 0.204, 0.237, 0.267, 0.302, 0.346, 0.374, 0.404, 0.432, 0.463, 0.486, 0.504, 0.519, 0.53, 0.531, 0.537, 0.537, 0.531, 0.528, 0.518, 0.512, 0.505, 0.498, 0.491, 0.481, 0.464, 0.454, 0.437, 0.426, 0.413, 0.402, 0.399, 0.4, 0.395, 0.393, 0.393, 0.396, 0.404, 0.412, 0.427, 0.43, 0.434, 0.445, 0.454, 0.459, 0.476, 0.485, 0.49, 0.496, 0.502, 0.514, 0.521, 0.53, 0.544, 0.548, 0.555, 0.566, 0.579, 0.589, 0.596, 0.605, 0.617, 0.629, 0.639, 0.654, 0.663, 0.674, 0.683, 0.695, 0.702, 0.717, 0.726, 0.742, 0.754, 0.764, 0.77, 0.774, 0.785, 0.797, 0.81, 0.819, 0.829, 0.836, 0.844, 0.85, 0.857, 0.865, 0.872, 0.879, 0.883, 0.892, 0.902, 0.903, 0.907, 0.916, 0.922, 0.929, 0.932, 0.937, 0.945, 0.948, 0.952, 0.954, 0.958, 0.96, 0.96, 0.964, 0.965, 0.968, 0.969, 0.971, 0.974, 0.974, 0.975, 0.978, 0.978, 0.979, 0.98, 0.981, 0.981, 0.982, 0.982, 0.983, 0.983, 0.984, 0.984, 0.984, 0.984, 0.985, 0.986, 0.987, 0.987, 0.987, 0.988, 0.989, 0.991, 0.992, 0.992, 0.992, 0.993, 0.993, 0.993, 0.993, 0.993, 0.993, 0.993, 0.993, 0.993, 0.993, 0.993, 0.993, 0.993, 0.993, 0.993, 0.993, 0.993, 0.993, 0.993, 0.993, 0.993, 0.993]",0.504,0.47253835633851116,0.5354380319861467,0.796,0.7696691682398447,0.8205749456359209,"[0.996, 0.995, 0.992, 0.992, 0.992, 0.995, 0.993, 0.994, 0.995, 0.988, 0.994, 0.994, 0.992, 0.989, 0.989, 0.987, 0.991, 0.989, 0.987, 0.986, 0.99, 0.992, 0.983, 0.993, 0.98, 0.99, 0.985, 0.988, 0.988, 0.984, 0.986, 0.992, 0.988, 0.99, 0.987, 0.99, 0.992, 0.985, 0.988, 0.991, 0.986, 0.991, 0.99, 0.992, 0.991, 0.993, 0.99, 0.989, 0.985, 0.992, 0.996, 0.995, 0.995, 0.992, 0.992, 0.993, 0.994, 0.995, 0.997, 0.99, 0.994, 0.994, 0.997, 0.989, 0.998, 0.991, 0.987, 0.995, 0.989, 0.996, 0.989, 0.997, 0.991, 0.993, 0.993, 0.994, 0.997, 0.992, 0.994, 0.991, 0.996, 0.998, 0.994, 0.993, 0.993, 0.994, 0.992, 0.993, 0.996, 0.996, 0.994, 0.992, 0.993, 0.994, 0.997, 0.994, 0.997, 0.999, 0.996, 0.995, 0.996, 0.994, 0.994, 0.994, 0.996, 0.993, 0.998, 0.996, 0.994, 0.998, 0.999, 0.998, 0.999, 1.0, 0.997, 0.998, 0.997, 0.998, 1.0, 0.999, 0.998, 0.995, 0.999, 0.998, 0.999, 0.998, 0.998, 1.0, 1.0, 0.998, 0.998, 0.999, 0.999, 0.999, 0.999, 0.999, 0.999, 0.998, 1.0, 1.0, 1.0, 1.0, 1.0, 0.996, 0.998, 1.0, 0.999, 1.0, 1.0, 0.999, 1.0, 1.0, 1.0, 1.0, 1.0, 0.999, 1.0, 1.0, 0.999, 1.0, 1.0, 1.0, 0.999, 0.998, 1.0, 0.999, 1.0, 1.0, 0.999, 0.999, 1.0, 1.0, 1.0, 1.0, 0.999, 1.0, 1.0, 1.0, 1.0, 1.0, 1.0, 1.0, 1.0, 1.0, 1.0, 1.0, 1.0, 1.0, 1.0, 0.999, 1.0, 1.0, 1.0, 1.0, 1.0, 1.0, 1.0, 0.999, 0.999, 1.0, 0.999]",40,40
C0,3,0,0.052,0.039076534943980494,0.06763501405050731,"[0.991, 0.991, 0.991, 0.991, 0.991, 0.992, 0.992, 0.993, 0.993, 0.993, 0.993, 0.993, 0.993, 0.993, 0.993, 0.992, 0.99, 0.989, 0.99, 0.988, 0.988, 0.987, 0.986, 0.985, 0.984, 0.982, 0.979, 0.977, 0.974, 0.972, 0.968, 0.963, 0.958, 0.953, 0.939, 0.929, 0.909, 0.894, 0.871, 0.843, 0.801, 0.766, 0.726, 0.685, 0.659, 0.61, 0.568, 0.532, 0.483, 0.45, 0.418, 0.385, 0.368, 0.349, 0.342, 0.331, 0.34, 0.342, 0.369, 0.383, 0.401, 0.434, 0.47, 0.509, 0.541, 0.577, 0.612, 0.646, 0.672, 0.697, 0.715, 0.741, 0.758, 0.781, 0.792, 0.799, 0.809, 0.818, 0.821, 0.826, 0.83, 0.833, 0.835, 0.826, 0.822, 0.823, 0.818, 0.806, 0.801, 0.79, 0.78, 0.767, 0.752, 0.736, 0.725, 0.704, 0.683, 0.652, 0.638, 0.622, 0.605, 0.584, 0.562, 0.543, 0.524, 0.51, 0.496, 0.477, 0.461, 0.445, 0.435, 0.42, 0.413, 0.401, 0.391, 0.384, 0.373, 0.361, 0.354, 0.349, 0.348, 0.343, 0.33, 0.328, 0.323, 0.318, 0.314, 0.308, 0.306, 0.299, 0.298, 0.298, 0.298, 0.298, 0.285, 0.281, 0.276, 0.28, 0.284, 0.295, 0.301, 0.301, 0.308, 0.308, 0.31, 0.314, 0.317, 0.322, 0.33, 0.334, 0.339, 0.343, 0.352, 0.357, 0.367, 0.373, 0.379, 0.382, 0.391, 0.395, 0.401, 0.405, 0.41, 0.412, 0.421, 0.429, 0.434, 0.437, 0.444, 0.451, 0.454, 0.458, 0.46, 0.466, 0.468, 0.474, 0.479, 0.48, 0.481, 0.484, 0.487, 0.49, 0.494, 0.496, 0.498, 0.501, 0.507, 0.507, 0.512, 0.514, 0.517, 0.52, 0.524, 0.525, 0.526, 0.528, 0.528, 0.531, 0.535, 0.535, 0.536]",0.499,0.4675521862537382,0.5304537166614578,0.794,0.7675848559485069,0.8186712810896977,"[1.0, 1.0, 1.0, 1.0, 1.0, 0.999, 1.0, 1.0, 1.0, 1.0, 1.0, 1.0, 1.0, 0.999, 1.0, 1.0, 1.0, 1.0, 1.0, 1.0, 0.999, 1.0, 1.0, 1.0, 0.999, 1.0, 0.999, 1.0, 1.0, 1.0, 0.998, 0.998, 0.998, 1.0, 0.998, 0.997, 0.999, 0.997, 1.0, 0.994, 0.996, 0.995, 0.994, 0.992, 0.99, 0.992, 0.994, 0.994, 0.993, 0.994, 0.993, 0.988, 0.99, 0.989, 0.992, 0.991, 0.989, 0.996, 0.993, 0.991, 0.991, 0.994, 0.996, 0.99, 0.998, 0.993, 0.994, 0.998, 0.994, 0.999, 0.993, 0.999, 0.994, 0.998, 0.998, 0.997, 0.999, 0.998, 0.998, 0.996, 0.999, 0.999, 0.997, 0.995, 0.997, 0.999, 0.999, 0.997, 0.999, 0.998, 0.998, 0.998, 0.995, 0.995, 0.997, 0.996, 0.999, 0.999, 0.999, 0.995, 0.995, 0.998, 0.996, 0.995, 0.996, 0.992, 0.996, 0.996, 0.993, 0.993, 0.995, 0.994, 0.997, 0.998, 0.993, 0.996, 0.994, 0.993, 0.995, 0.996, 0.994, 0.99, 0.991, 0.995, 0.993, 0.997, 0.994, 0.997, 0.993, 0.994, 0.989, 0.993, 0.995, 0.991, 0.988, 0.995, 0.995, 0.989, 0.991, 0.997, 0.996, 0.992, 0.996, 0.992, 0.995, 0.995, 0.997, 0.993, 0.991, 0.995, 0.996, 0.994, 0.995, 0.992, 0.989, 0.994, 0.998, 0.994, 0.996, 0.997, 0.998, 0.996, 0.994, 0.994, 0.996, 0.995, 0.999, 0.996, 0.997, 0.995, 0.994, 0.997, 0.994, 0.996, 0.997, 0.994, 0.996, 0.993, 0.994, 0.995, 0.992, 0.992, 0.998, 0.997, 0.994, 0.992, 0.994, 0.998, 0.998, 0.995, 0.995, 0.995, 0.999, 0.997, 0.997, 0.996, 0.999, 0.994, 0.993, 0.994, 0.992]",40,40
,0,1,0.032,0.02198884960564242,0.04487590283500931,"[0.842, 0.838, 0.834, 0.833, 0.83, 0.83, 0.825, 0.821, 0.818, 0.814, 0.807, 0.802, 0.799, 0.793, 0.791, 0.784, 0.776, 0.77, 0.767, 0.755, 0.75, 0.746, 0.739, 0.732, 0.725, 0.72, 0.713, 0.696, 0.688, 0.678, 0.664, 0.646, 0.636, 0.62, 0.606, 0.586, 0.566, 0.537, 0.509, 0.493, 0.465, 0.451, 0.445, 0.43, 0.436, 0.436, 0.437, 0.442, 0.449, 0.457, 0.464, 0.478, 0.492, 0.511, 0.526, 0.533, 0.551, 0.56, 0.573, 0.589, 0.603, 0.61, 0.62, 0.632, 0.642, 0.653, 0.662, 0.669, 0.676, 0.685, 0.685, 0.691, 0.695, 0.704, 0.7, 0.705, 0.71, 0.713, 0.715, 0.722, 0.725, 0.723, 0.723, 0.724, 0.721, 0.73, 0.731, 0.721, 0.72, 0.717, 0.714, 0.706, 0.699, 0.688, 0.679, 0.667, 0.651, 0.641, 0.636, 0.622, 0.614, 0.607, 0.593, 0.588, 0.585, 0.578, 0.573, 0.567, 0.558, 0.548, 0.547, 0.542, 0.545, 0.539, 0.539, 0.536, 0.53, 0.526, 0.523, 0.527, 0.529, 0.528, 0.526, 0.523, 0.525, 0.525, 0.526, 0.528, 0.526, 0.525, 0.525, 0.53, 0.53, 0.536, 0.54, 0.541, 0.546, 0.551, 0.558, 0.564, 0.564, 0.57, 0.579, 0.583, 0.585, 0.589, 0.592, 0.598, 0.604, 0.608, 0.614, 0.619, 0.623, 0.625, 0.637, 0.644, 0.652, 0.656, 0.66, 0.664, 0.669, 0.674, 0.677, 0.678, 0.682, 0.69, 0.693, 0.698, 0.705, 0.709, 0.711, 0.714, 0.717, 0.722, 0.726, 0.733, 0.736, 0.738, 0.739, 0.741, 0.741, 0.745, 0.747, 0.751, 0.752, 0.755, 0.759, 0.759, 0.76, 0.76, 0.762, 0.764, 0.766, 0.766, 0.768, 0.771, 0.771, 0.773, 0.775, 0.776, 0.776]",0.526,0.49451425441233776,0.5573322655259105,0.814,0.7884716407300623,0.8376640223583915,"[0.998, 0.999, 0.997, 0.998, 1.0, 0.997, 0.994, 0.998, 0.998, 0.994, 0.996, 0.996, 0.996, 0.998, 0.997, 0.996, 0.996, 0.996, 0.998, 0.994, 0.995, 0.996, 0.989, 0.997, 0.992, 0.995, 0.991, 0.993, 0.992, 0.993, 0.996, 0.995, 0.994, 0.994, 0.994, 0.997, 0.997, 0.995, 0.993, 0.989, 0.99, 0.993, 0.991, 0.995, 0.99, 0.994, 0.992, 0.99, 0.988, 0.992, 0.997, 0.992, 0.993, 0.995, 0.993, 0.992, 0.994, 0.997, 0.996, 0.992, 0.995, 0.995, 0.999, 0.991, 0.998, 0.992, 0.993, 0.997, 0.994, 0.999, 0.994, 0.999, 0.997, 0.998, 0.995, 0.998, 0.999, 0.994, 0.997, 0.996, 0.998, 0.999, 0.998, 0.995, 0.994, 0.998, 0.996, 0.996, 0.998, 0.998, 0.998, 0.996, 0.993, 0.996, 0.998, 0.996, 0.999, 0.999, 0.999, 0.996, 0.994, 0.996, 0.994, 0.994, 0.997, 0.993, 0.997, 0.996, 0.996, 0.994, 0.996, 0.997, 0.998, 1.0, 0.996, 0.996, 0.996, 0.996, 0.996, 0.996, 0.997, 0.992, 0.992, 0.995, 0.997, 0.997, 0.995, 0.998, 0.993, 0.998, 0.991, 0.995, 0.995, 0.995, 0.993, 0.996, 0.998, 0.993, 0.995, 0.998, 0.999, 0.998, 0.999, 0.994, 0.996, 0.996, 0.998, 0.993, 0.996, 0.996, 0.997, 0.996, 0.997, 0.994, 0.995, 0.997, 0.999, 0.996, 0.996, 0.997, 0.998, 0.998, 0.995, 0.996, 0.998, 0.997, 1.0, 0.998, 0.998, 0.997, 0.997, 0.998, 0.996, 0.996, 0.998, 0.997, 0.999, 0.995, 0.997, 0.998, 0.997, 0.996, 0.999, 0.998, 0.998, 0.998, 0.997, 0.999, 0.999, 0.999, 0.998, 0.999, 0.999, 0.997, 0.998, 0.998, 0.999, 0.997, 0.995, 0.997, 0.995]",40,40
,0,2,0.188,0.1642307234013188,0.21362154016312895,"[0.99, 0.99, 0.99, 0.99, 0.99, 0.991, 0.991, 0.992, 0.992, 0.992, 0.992, 0.992, 0.992, 0.99, 0.987, 0.984, 0.981, 0.979, 0.979, 0.974, 0.973, 0.969, 0.966, 0.963, 0.958, 0.955, 0.949, 0.945, 0.94, 0.934, 0.926, 0.918, 0.911, 0.895, 0.876, 0.859, 0.836, 0.803, 0.77, 0.739, 0.695, 0.666, 0.645, 0.615, 0.608, 0.602, 0.595, 0.6, 0.607, 0.622, 0.636, 0.651, 0.664, 0.687, 0.712, 0.728, 0.762, 0.767, 0.784, 0.79, 0.812, 0.818, 0.829, 0.838, 0.848, 0.857, 0.867, 0.875, 0.877, 0.885, 0.89, 0.898, 0.903, 0.912, 0.916, 0.92, 0.924, 0.923, 0.925, 0.929, 0.93, 0.927, 0.923, 0.915, 0.905, 0.903, 0.898, 0.885, 0.876, 0.868, 0.86, 0.845, 0.833, 0.816, 0.807, 0.796, 0.781, 0.77, 0.765, 0.749, 0.743, 0.736, 0.735, 0.724, 0.712, 0.706, 0.699, 0.694, 0.692, 0.684, 0.682, 0.682, 0.688, 0.688, 0.68, 0.682, 0.678, 0.677, 0.681, 0.686, 0.687, 0.687, 0.689, 0.692, 0.693, 0.698, 0.7, 0.703, 0.703, 0.706, 0.709, 0.716, 0.717, 0.719, 0.726, 0.734, 0.742, 0.743, 0.75, 0.756, 0.757, 0.765, 0.771, 0.775, 0.776, 0.782, 0.788, 0.791, 0.797, 0.802, 0.807, 0.812, 0.814, 0.816, 0.824, 0.831, 0.833, 0.835, 0.84, 0.844, 0.848, 0.851, 0.852, 0.857, 0.86, 0.864, 0.867, 0.87, 0.874, 0.876, 0.88, 0.882, 0.883, 0.884, 0.888, 0.89, 0.894, 0.895, 0.897, 0.9, 0.902, 0.903, 0.905, 0.907, 0.91, 0.911, 0.911, 0.913, 0.913, 0.914, 0.914, 0.915, 0.916, 0.916, 0.918, 0.919, 0.92, 0.92, 0.921, 0.921, 0.922]",0.749,0.7209173861139613,0.7756081692103165,0.931,0.9134848906542884,0.9459206642067437,"[1.0, 1.0, 1.0, 1.0, 1.0, 0.999, 1.0, 1.0, 1.0, 1.0, 1.0, 1.0, 1.0, 0.999, 1.0, 1.0, 1.0, 1.0, 0.999, 1.0, 0.999, 1.0, 0.999, 1.0, 0.999, 1.0, 0.998, 0.999, 0.998, 0.998, 0.998, 0.998, 0.997, 1.0, 0.998, 0.997, 0.998, 0.996, 0.997, 0.994, 0.996, 0.995, 0.996, 0.997, 0.995, 0.997, 0.996, 0.996, 0.994, 0.998, 1.0, 0.998, 0.998, 0.996, 0.996, 0.997, 0.997, 0.999, 0.998, 0.995, 0.997, 0.998, 0.999, 0.998, 0.999, 0.997, 0.997, 0.998, 0.996, 0.999, 0.997, 1.0, 0.998, 0.999, 0.999, 0.999, 0.999, 0.999, 0.999, 0.997, 1.0, 0.999, 0.998, 0.999, 0.999, 1.0, 0.999, 0.998, 0.999, 0.998, 0.998, 0.999, 0.997, 0.996, 0.999, 0.999, 0.999, 1.0, 0.999, 0.996, 0.996, 0.997, 0.998, 0.996, 0.997, 0.994, 0.997, 0.998, 0.996, 0.998, 0.998, 0.998, 0.999, 1.0, 0.994, 0.998, 0.997, 0.998, 0.999, 0.999, 0.997, 0.992, 0.998, 0.998, 0.998, 0.999, 0.997, 0.999, 1.0, 0.998, 0.994, 0.999, 0.998, 0.997, 0.997, 0.998, 0.997, 0.997, 0.999, 0.999, 0.999, 0.998, 0.999, 0.994, 0.997, 0.998, 0.999, 0.998, 0.997, 0.999, 1.0, 1.0, 0.997, 0.998, 0.999, 0.996, 0.999, 0.996, 0.998, 0.999, 1.0, 1.0, 0.998, 0.997, 0.999, 0.999, 1.0, 0.999, 0.999, 0.997, 0.996, 1.0, 0.999, 0.999, 0.999, 1.0, 0.999, 0.998, 0.999, 1.0, 1.0, 0.998, 1.0, 0.999, 0.998, 1.0, 1.0, 0.999, 0.999, 0.997, 0.999, 0.999, 1.0, 0.999, 0.999, 0.998, 1.0, 0.999, 0.995, 0.999, 0.998]",80,40
,0,3,0.363,0.3331368399380181,0.3936725204750732,"[0.991, 0.991, 0.991, 0.991, 0.991, 0.992, 0.992, 0.993, 0.993, 0.993, 0.993, 0.993, 0.993, 0.993, 0.993, 0.992, 0.99, 0.989, 0.99, 0.988, 0.988, 0.987, 0.986, 0.985, 0.984, 0.982, 0.979, 0.977, 0.974, 0.972, 0.968, 0.963, 0.958, 0.953, 0.939, 0.929, 0.91, 0.896, 0.873, 0.845, 0.805, 0.778, 0.754, 0.731, 0.717, 0.696, 0.681, 0.68, 0.674, 0.681, 0.69, 0.702, 0.717, 0.745, 0.771, 0.797, 0.823, 0.837, 0.852, 0.867, 0.881, 0.888, 0.898, 0.905, 0.913, 0.925, 0.934, 0.939, 0.941, 0.946, 0.95, 0.955, 0.958, 0.961, 0.962, 0.965, 0.966, 0.966, 0.965, 0.964, 0.964, 0.958, 0.957, 0.947, 0.938, 0.936, 0.931, 0.918, 0.908, 0.898, 0.89, 0.876, 0.862, 0.848, 0.84, 0.83, 0.818, 0.811, 0.809, 0.8, 0.796, 0.793, 0.792, 0.788, 0.784, 0.782, 0.78, 0.779, 0.781, 0.78, 0.784, 0.788, 0.797, 0.801, 0.805, 0.808, 0.808, 0.815, 0.823, 0.831, 0.839, 0.847, 0.853, 0.858, 0.862, 0.868, 0.874, 0.88, 0.885, 0.889, 0.896, 0.903, 0.904, 0.908, 0.917, 0.923, 0.929, 0.932, 0.938, 0.945, 0.948, 0.952, 0.955, 0.959, 0.96, 0.96, 0.964, 0.965, 0.968, 0.969, 0.971, 0.974, 0.974, 0.975, 0.978, 0.978, 0.979, 0.98, 0.981, 0.981, 0.982, 0.982, 0.983, 0.983, 0.984, 0.984, 0.984, 0.984, 0.985, 0.986, 0.987, 0.987, 0.987, 0.988, 0.989, 0.991, 0.992, 0.992, 0.992, 0.993, 0.993, 0.993, 0.993, 0.993, 0.993, 0.993, 0.993, 0.993, 0.993, 0.993, 0.993, 0.993, 0.993, 0.993, 0.993, 0.993, 0.993, 0.993, 0.993, 0.993, 0.993]",0.849,0.825284533961809,0.8706386379973464,0.968,0.9551240971649907,0.9780111503943576,"[1.0, 1.0, 1.0, 1.0, 1.0, 0.999, 1.0, 1.0, 1.0, 1.0, 1.0, 1.0, 1.0, 0.999, 1.0, 1.0, 1.0, 1.0, 1.0, 1.0, 0.999, 1.0, 1.0, 1.0, 0.999, 1.0, 0.999, 1.0, 1.0, 1.0, 0.998, 0.998, 0.998, 1.0, 0.998, 0.997, 0.999, 0.999, 1.0, 0.996, 0.998, 0.998, 0.997, 0.999, 0.998, 0.997, 0.996, 0.996, 0.995, 1.0, 1.0, 0.999, 0.999, 0.996, 0.996, 0.997, 0.999, 1.0, 0.998, 0.996, 0.998, 0.998, 1.0, 0.999, 1.0, 0.999, 0.997, 1.0, 0.997, 1.0, 1.0, 1.0, 1.0, 0.999, 0.999, 0.999, 0.999, 0.999, 0.999, 0.997, 1.0, 0.999, 1.0, 1.0, 0.999, 1.0, 0.999, 0.999, 1.0, 0.999, 0.998, 0.999, 0.997, 0.997, 0.999, 0.999, 0.999, 1.0, 0.999, 0.997, 0.997, 0.998, 0.999, 0.996, 0.997, 0.994, 0.998, 0.998, 0.998, 0.998, 0.999, 0.999, 1.0, 1.0, 0.997, 0.998, 0.997, 0.998, 1.0, 0.999, 0.999, 0.995, 0.999, 0.998, 0.999, 0.999, 0.999, 1.0, 1.0, 0.999, 0.998, 0.999, 0.999, 0.999, 0.999, 0.999, 0.999, 0.998, 1.0, 1.0, 1.0, 1.0, 1.0, 0.996, 0.998, 1.0, 0.999, 1.0, 1.0, 0.999, 1.0, 1.0, 1.0, 1.0, 1.0, 0.999, 1.0, 1.0, 0.999, 1.0, 1.0, 1.0, 0.999, 0.998, 1.0, 0.999, 1.0, 1.0, 0.999, 0.999, 1.0, 1.0, 1.0, 1.0, 0.999, 1.0, 1.0, 1.0, 1.0, 1.0, 1.0, 1.0, 1.0, 1.0, 1.0, 1.0, 1.0, 1.0, 1.0, 0.999, 1.0, 1.0, 1.0, 1.0, 1.0, 1.0, 1.0, 0.999, 0.999, 1.0, 0.999]",120,40
λ,1,0,0.033,0.022822383349459574,0.04603398181702323,"[0.985, 0.983, 0.982, 0.982, 0.982, 0.982, 0.981, 0.981, 0.98, 0.979, 0.977, 0.975, 0.973, 0.971, 0.967, 0.962, 0.958, 0.954, 0.95, 0.945, 0.943, 0.937, 0.934, 0.926, 0.916, 0.912, 0.897, 0.883, 0.871, 0.86, 0.84, 0.82, 0.794, 0.762, 0.735, 0.689, 0.647, 0.59, 0.523, 0.465, 0.412, 0.356, 0.326, 0.307, 0.31, 0.325, 0.347, 0.378, 0.433, 0.485, 0.538, 0.592, 0.64, 0.695, 0.734, 0.77, 0.81, 0.829, 0.85, 0.867, 0.881, 0.888, 0.898, 0.905, 0.913, 0.925, 0.934, 0.939, 0.941, 0.946, 0.95, 0.955, 0.958, 0.961, 0.961, 0.964, 0.965, 0.965, 0.964, 0.963, 0.961, 0.955, 0.949, 0.942, 0.928, 0.922, 0.905, 0.888, 0.873, 0.86, 0.845, 0.827, 0.811, 0.787, 0.763, 0.735, 0.71, 0.697, 0.68, 0.66, 0.638, 0.621, 0.603, 0.586, 0.572, 0.557, 0.541, 0.528, 0.514, 0.502, 0.493, 0.482, 0.466, 0.457, 0.446, 0.437, 0.428, 0.419, 0.412, 0.409, 0.401, 0.397, 0.387, 0.38, 0.382, 0.381, 0.378, 0.377, 0.374, 0.375, 0.375, 0.376, 0.371, 0.374, 0.379, 0.378, 0.383, 0.39, 0.399, 0.4, 0.399, 0.407, 0.413, 0.421, 0.427, 0.441, 0.452, 0.467, 0.475, 0.486, 0.494, 0.5, 0.514, 0.523, 0.537, 0.546, 0.554, 0.563, 0.57, 0.581, 0.587, 0.595, 0.604, 0.612, 0.617, 0.63, 0.636, 0.645, 0.652, 0.66, 0.668, 0.672, 0.68, 0.682, 0.688, 0.694, 0.698, 0.703, 0.708, 0.714, 0.717, 0.719, 0.723, 0.726, 0.734, 0.737, 0.741, 0.744, 0.746, 0.747, 0.747, 0.748, 0.751, 0.752, 0.755, 0.758, 0.759, 0.759, 0.76, 0.761, 0.762]",0.592,0.5608053224405999,0.622651415555399,0.857,0.8337528434032783,0.8781213571241084,"[1.0, 1.0, 1.0, 1.0, 1.0, 0.999, 1.0, 1.0, 1.0, 1.0, 1.0, 1.0, 1.0, 0.999, 1.0, 1.0, 1.0, 1.0, 0.999, 0.999, 0.999, 1.0, 0.998, 1.0, 0.998, 1.0, 0.998, 0.998, 0.996, 0.995, 0.996, 0.996, 0.996, 0.999, 0.997, 0.995, 0.996, 0.992, 0.991, 0.991, 0.99, 0.994, 0.99, 0.993, 0.994, 0.995, 0.994, 0.995, 0.99, 0.995, 0.998, 0.998, 0.999, 0.992, 0.995, 0.996, 0.999, 0.999, 0.998, 0.995, 0.998, 0.998, 1.0, 0.999, 1.0, 0.998, 0.997, 1.0, 0.997, 1.0, 1.0, 1.0, 1.0, 0.999, 0.999, 0.999, 0.999, 0.999, 0.999, 0.997, 1.0, 0.999, 1.0, 1.0, 0.999, 1.0, 0.998, 0.999, 1.0, 0.998, 0.998, 0.998, 0.996, 0.996, 0.999, 0.997, 0.999, 0.999, 0.999, 0.996, 0.994, 0.996, 0.997, 0.996, 0.997, 0.993, 0.996, 0.996, 0.995, 0.994, 0.997, 0.996, 0.996, 0.997, 0.994, 0.996, 0.995, 0.994, 0.996, 0.996, 0.992, 0.989, 0.993, 0.996, 0.996, 0.998, 0.995, 0.998, 0.993, 0.994, 0.989, 0.994, 0.995, 0.992, 0.989, 0.996, 0.997, 0.991, 0.994, 0.998, 0.997, 0.994, 0.997, 0.994, 0.996, 0.996, 0.998, 0.994, 0.993, 0.997, 0.997, 0.996, 0.995, 0.994, 0.99, 0.994, 0.999, 0.995, 0.997, 0.999, 0.998, 0.998, 0.995, 0.996, 0.998, 0.998, 0.999, 0.997, 0.997, 0.995, 0.995, 0.998, 0.997, 0.998, 0.998, 0.997, 0.997, 0.996, 0.998, 0.998, 0.996, 0.996, 0.998, 0.998, 0.996, 0.998, 0.998, 0.998, 0.999, 0.997, 0.998, 0.998, 0.999, 0.999, 0.997, 0.998, 1.0, 0.997, 0.995, 0.996, 0.995]",60,60
K,2,0,0.017,0.009933512592716534,0.027079496864851338,"[0.591, 0.584, 0.579, 0.574, 0.568, 0.562, 0.554, 0.545, 0.537, 0.53, 0.518, 0.51, 0.501, 0.492, 0.48, 0.47, 0.454, 0.436, 0.426, 0.412, 0.394, 0.383, 0.362, 0.349, 0.336, 0.314, 0.299, 0.274, 0.259, 0.242, 0.22, 0.198, 0.19, 0.182, 0.173, 0.166, 0.153, 0.153, 0.162, 0.175, 0.185, 0.204, 0.237, 0.267, 0.302, 0.346, 0.374, 0.404, 0.432, 0.463, 0.486, 0.504, 0.519, 0.53, 0.531, 0.537, 0.537, 0.531, 0.528, 0.518, 0.512, 0.505, 0.498, 0.491, 0.481, 0.464, 0.454, 0.437, 0.426, 0.413, 0.402, 0.399, 0.4, 0.395, 0.393, 0.393, 0.396, 0.404, 0.412, 0.427, 0.43, 0.434, 0.445, 0.454, 0.459, 0.476, 0.485, 0.49, 0.496, 0.503, 0.514, 0.522, 0.53, 0.544, 0.548, 0.555, 0.566, 0.579, 0.589, 0.596, 0.605, 0.617, 0.629, 0.639, 0.654, 0.663, 0.674, 0.683, 0.695, 0.703, 0.717, 0.726, 0.742, 0.754, 0.764, 0.77, 0.774, 0.785, 0.796, 0.81, 0.819, 0.829, 0.836, 0.844, 0.85, 0.857, 0.865, 0.872, 0.879, 0.883, 0.892, 0.902, 0.903, 0.907, 0.916, 0.922, 0.93, 0.932, 0.937, 0.945, 0.948, 0.952, 0.954, 0.958, 0.96, 0.96, 0.964, 0.965, 0.968, 0.969, 0.971, 0.974, 0.974, 0.975, 0.978, 0.978, 0.979, 0.98, 0.981, 0.981, 0.982, 0.982, 0.983, 0.983, 0.984, 0.984, 0.984, 0.984, 0.985, 0.986, 0.987, 0.987, 0.987, 0.988, 0.989, 0.991, 0.992, 0.992, 0.992, 0.993, 0.993, 0.993, 0.993, 0.993, 0.993, 0.993, 0.993, 0.993, 0.993, 0.993, 0.993, 0.993, 0.993, 0.993, 0.993, 0.993, 0.993, 0.993, 0.993, 0.993, 0.993]",0.504,0.47253835633851116,0.5354380319861467,0.796,0.7696691682398447,0.8205749456359209,"[0.996, 0.995, 0.992, 0.992, 0.992, 0.995, 0.993, 0.994, 0.995, 0.988, 0.994, 0.994, 0.992, 0.989, 0.989, 0.987, 0.991, 0.989, 0.987, 0.986, 0.99, 0.992, 0.983, 0.993, 0.98, 0.99, 0.985, 0.988, 0.988, 0.984, 0.986, 0.992, 0.988, 0.99, 0.987, 0.99, 0.992, 0.985, 0.988, 0.991, 0.986, 0.991, 0.99, 0.992, 0.991, 0.993, 0.99, 0.989, 0.985, 0.992, 0.996, 0.995, 0.995, 0.992, 0.992, 0.993, 0.994, 0.995, 0.997, 0.99, 0.994, 0.994, 0.997, 0.989, 0.998, 0.991, 0.987, 0.995, 0.989, 0.996, 0.989, 0.997, 0.991, 0.993, 0.993, 0.994, 0.997, 0.992, 0.994, 0.991, 0.996, 0.998, 0.994, 0.993, 0.993, 0.994, 0.992, 0.993, 0.996, 0.996, 0.994, 0.992, 0.993, 0.994, 0.997, 0.994, 0.997, 0.999, 0.996, 0.995, 0.996, 0.994, 0.994, 0.994, 0.996, 0.993, 0.998, 0.996, 0.994, 0.998, 0.999, 0.998, 0.999, 1.0, 0.997, 0.998, 0.997, 0.998, 1.0, 0.999, 0.998, 0.995, 0.999, 0.998, 0.999, 0.998, 0.998, 1.0, 1.0, 0.998, 0.998, 0.999, 0.999, 0.999, 0.999, 0.999, 0.999, 0.998, 1.0, 1.0, 1.0, 1.0, 1.0, 0.996, 0.998, 1.0, 0.999, 1.0, 1.0, 0.999, 1.0, 1.0, 1.0, 1.0, 1.0, 0.999, 1.0, 1.0, 0.999, 1.0, 1.0, 1.0, 0.999, 0.998, 1.0, 0.999, 1.0, 1.0, 0.999, 0.999, 1.0, 1.0, 1.0, 1.0, 0.999, 1.0, 1.0, 1.0, 1.0, 1.0, 1.0, 1.0, 1.0, 1.0, 1.0, 1.0, 1.0, 1.0, 1.0, 0.999, 1.0, 1.0, 1.0, 1.0, 1.0, 1.0, 1.0, 0.999, 0.999, 1.0, 0.999]",60,60
C0,3,0,0.052,0.039076534943980494,0.06763501405050731,"[0.991, 0.991, 0.991, 0.991, 0.991, 0.992, 0.992, 0.993, 0.993, 0.993, 0.993, 0.993, 0.993, 0.993, 0.993, 0.992, 0.99, 0.989, 0.99, 0.988, 0.988, 0.987, 0.986, 0.985, 0.984, 0.982, 0.979, 0.977, 0.974, 0.972, 0.968, 0.963, 0.958, 0.953, 0.939, 0.929, 0.909, 0.894, 0.871, 0.843, 0.801, 0.766, 0.726, 0.685, 0.659, 0.61, 0.569, 0.532, 0.484, 0.45, 0.418, 0.385, 0.368, 0.349, 0.344, 0.331, 0.34, 0.342, 0.369, 0.384, 0.401, 0.434, 0.47, 0.511, 0.541, 0.577, 0.612, 0.646, 0.672, 0.697, 0.715, 0.741, 0.758, 0.781, 0.792, 0.799, 0.809, 0.818, 0.821, 0.826, 0.83, 0.833, 0.835, 0.826, 0.822, 0.823, 0.817, 0.806, 0.801, 0.79, 0.781, 0.768, 0.752, 0.737, 0.725, 0.704, 0.683, 0.653, 0.638, 0.622, 0.605, 0.584, 0.562, 0.543, 0.525, 0.51, 0.496, 0.478, 0.463, 0.445, 0.435, 0.42, 0.413, 0.401, 0.391, 0.384, 0.373, 0.363, 0.355, 0.35, 0.348, 0.343, 0.33, 0.328, 0.323, 0.318, 0.315, 0.308, 0.306, 0.299, 0.298, 0.298, 0.298, 0.298, 0.285, 0.281, 0.277, 0.28, 0.284, 0.295, 0.301, 0.301, 0.308, 0.308, 0.31, 0.314, 0.317, 0.322, 0.33, 0.334, 0.34, 0.343, 0.352, 0.357, 0.367, 0.373, 0.379, 0.382, 0.391, 0.395, 0.401, 0.405, 0.41, 0.412, 0.421, 0.429, 0.434, 0.437, 0.444, 0.451, 0.454, 0.458, 0.46, 0.466, 0.468, 0.474, 0.479, 0.48, 0.481, 0.484, 0.487, 0.49, 0.494, 0.496, 0.498, 0.501, 0.507, 0.507, 0.512, 0.514, 0.517, 0.52, 0.524, 0.525, 0.526, 0.528, 0.528, 0.531, 0.535, 0.535, 0.536]",0.499,0.4675521862537382,0.5304537166614578,0.794,0.7675848559485069,0.8186712810896977,"[1.0, 1.0, 1.0, 1.0, 1.0, 0.999, 1.0, 1.0, 1.0, 1.0, 1.0, 1.0, 1.0, 0.999, 1.0, 1.0, 1.0, 1.0, 1.0, 1.0, 0.999, 1.0, 1.0, 1.0, 0.999, 1.0, 0.999, 1.0, 1.0, 1.0, 0.998, 0.998, 0.998, 1.0, 0.998, 0.997, 0.999, 0.997, 1.0, 0.994, 0.996, 0.995, 0.994, 0.992, 0.99, 0.992, 0.994, 0.994, 0.993, 0.994, 0.993, 0.988, 0.99, 0.989, 0.992, 0.991, 0.989, 0.996, 0.993, 0.991, 0.991, 0.994, 0.996, 0.99, 0.998, 0.993, 0.994, 0.998, 0.994, 0.999, 0.993, 0.999, 0.994, 0.998, 0.998, 0.997, 0.999, 0.998, 0.998, 0.996, 0.999, 0.999, 0.997, 0.995, 0.997, 0.999, 0.999, 0.997, 0.999, 0.998, 0.998, 0.998, 0.995, 0.995, 0.997, 0.996, 0.999, 0.999, 0.999, 0.995, 0.995, 0.998, 0.996, 0.995, 0.996, 0.992, 0.996, 0.996, 0.993, 0.993, 0.995, 0.994, 0.997, 0.998, 0.993, 0.996, 0.994, 0.993, 0.995, 0.996, 0.994, 0.99, 0.991, 0.995, 0.993, 0.997, 0.994, 0.997, 0.993, 0.994, 0.989, 0.993, 0.995, 0.991, 0.988, 0.995, 0.995, 0.989, 0.991, 0.997, 0.996, 0.992, 0.996, 0.992, 0.995, 0.995, 0.997, 0.993, 0.991, 0.995, 0.996, 0.994, 0.995, 0.992, 0.989, 0.994, 0.998, 0.994, 0.996, 0.997, 0.998, 0.996, 0.994, 0.994, 0.996, 0.995, 0.999, 0.996, 0.997, 0.995, 0.994, 0.997, 0.994, 0.996, 0.997, 0.994, 0.996, 0.993, 0.994, 0.995, 0.992, 0.992, 0.998, 0.997, 0.994, 0.992, 0.994, 0.998, 0.998, 0.995, 0.995, 0.995, 0.999, 0.997, 0.997, 0.996, 0.999, 0.994, 0.993, 0.994, 0.992]",60,60
,0,1,0.027,0.017866905925249688,0.03904174680597017,"[0.852, 0.849, 0.844, 0.843, 0.841, 0.839, 0.835, 0.832, 0.829, 0.825, 0.817, 0.815, 0.811, 0.805, 0.797, 0.792, 0.785, 0.774, 0.772, 0.762, 0.756, 0.75, 0.744, 0.741, 0.73, 0.721, 0.707, 0.691, 0.684, 0.676, 0.658, 0.644, 0.636, 0.619, 0.606, 0.578, 0.562, 0.542, 0.515, 0.496, 0.462, 0.433, 0.423, 0.423, 0.438, 0.438, 0.442, 0.452, 0.448, 0.465, 0.478, 0.494, 0.515, 0.532, 0.544, 0.553, 0.576, 0.571, 0.591, 0.595, 0.606, 0.62, 0.631, 0.647, 0.655, 0.659, 0.669, 0.676, 0.684, 0.695, 0.698, 0.709, 0.718, 0.719, 0.721, 0.724, 0.725, 0.731, 0.731, 0.734, 0.734, 0.735, 0.735, 0.731, 0.725, 0.724, 0.716, 0.712, 0.705, 0.704, 0.701, 0.691, 0.686, 0.684, 0.676, 0.663, 0.653, 0.637, 0.628, 0.616, 0.611, 0.606, 0.596, 0.591, 0.588, 0.587, 0.579, 0.571, 0.566, 0.559, 0.559, 0.55, 0.549, 0.548, 0.536, 0.534, 0.527, 0.524, 0.519, 0.521, 0.519, 0.523, 0.521, 0.52, 0.523, 0.527, 0.527, 0.522, 0.524, 0.521, 0.526, 0.531, 0.528, 0.53, 0.53, 0.529, 0.529, 0.533, 0.536, 0.542, 0.547, 0.55, 0.557, 0.56, 0.562, 0.567, 0.572, 0.581, 0.589, 0.592, 0.595, 0.599, 0.608, 0.612, 0.626, 0.63, 0.633, 0.636, 0.643, 0.646, 0.651, 0.657, 0.661, 0.663, 0.667, 0.673, 0.678, 0.684, 0.687, 0.692, 0.698, 0.703, 0.705, 0.709, 0.712, 0.72, 0.722, 0.726, 0.73, 0.734, 0.737, 0.739, 0.742, 0.743, 0.744, 0.745, 0.748, 0.751, 0.754, 0.755, 0.755, 0.756, 0.758, 0.759, 0.76, 0.764, 0.765, 0.766, 0.767, 0.768, 0.769]",0.55,0.5185565333765935,0.5811482903200492,0.832,0.8073589445854947,0.8546677507252728,"[0.998, 1.0, 0.997, 0.998, 0.997, 0.998, 0.997, 0.999, 0.999, 0.998, 0.998, 0.998, 0.999, 0.997, 0.998, 0.995, 0.995, 0.997, 0.998, 0.996, 0.997, 0.999, 0.996, 0.997, 0.992, 0.998, 0.996, 0.995, 0.994, 0.992, 0.993, 0.996, 0.994, 0.998, 0.995, 0.995, 0.995, 0.993, 0.995, 0.991, 0.993, 0.996, 0.991, 0.995, 0.993, 0.992, 0.993, 0.994, 0.989, 0.996, 0.998, 0.994, 0.994, 0.99, 0.995, 0.994, 0.996, 0.998, 0.997, 0.992, 0.995, 0.997, 0.998, 0.991, 0.998, 0.995, 0.995, 0.998, 0.993, 0.999, 0.991, 0.999, 0.993, 0.998, 0.995, 0.995, 0.999, 0.994, 0.997, 0.993, 0.999, 0.999, 0.996, 0.996, 0.997, 0.997, 0.997, 0.995, 0.999, 0.999, 0.996, 0.996, 0.995, 0.994, 0.997, 0.995, 0.999, 0.999, 0.999, 0.996, 0.994, 0.996, 0.996, 0.995, 0.997, 0.992, 0.997, 0.996, 0.995, 0.996, 0.997, 0.996, 0.997, 0.998, 0.993, 0.997, 0.995, 0.994, 0.997, 0.998, 0.996, 0.992, 0.996, 0.996, 0.996, 0.997, 0.996, 0.997, 0.997, 0.995, 0.994, 0.995, 0.996, 0.994, 0.992, 0.996, 0.997, 0.996, 0.993, 0.998, 0.998, 0.996, 0.997, 0.995, 0.996, 0.997, 0.998, 0.997, 0.993, 0.997, 0.997, 0.997, 0.995, 0.996, 0.994, 0.998, 0.999, 0.996, 0.996, 1.0, 0.998, 0.997, 0.996, 0.996, 0.998, 0.998, 1.0, 0.998, 0.997, 0.995, 0.997, 1.0, 0.996, 0.998, 0.998, 0.997, 0.997, 0.998, 0.998, 0.997, 0.997, 0.998, 0.998, 0.998, 0.996, 0.998, 0.996, 0.999, 0.998, 0.996, 0.997, 0.998, 0.999, 0.999, 0.998, 0.998, 0.999, 0.997, 0.994, 0.995, 0.995]",60,60
,0,2,0.167,0.14439030619474666,0.19158907017630922,"[0.989, 0.989, 0.988, 0.988, 0.988, 0.989, 0.989, 0.99, 0.99, 0.989, 0.989, 0.988, 0.986, 0.985, 0.983, 0.982, 0.979, 0.975, 0.974, 0.971, 0.97, 0.968, 0.966, 0.963, 0.96, 0.957, 0.948, 0.944, 0.939, 0.935, 0.926, 0.919, 0.907, 0.89, 0.871, 0.846, 0.819, 0.792, 0.75, 0.709, 0.662, 0.636, 0.603, 0.595, 0.592, 0.588, 0.589, 0.589, 0.591, 0.614, 0.625, 0.638, 0.662, 0.691, 0.712, 0.726, 0.751, 0.758, 0.779, 0.789, 0.801, 0.815, 0.826, 0.833, 0.846, 0.858, 0.871, 0.881, 0.883, 0.888, 0.894, 0.907, 0.915, 0.923, 0.927, 0.933, 0.935, 0.935, 0.936, 0.937, 0.937, 0.938, 0.934, 0.926, 0.918, 0.919, 0.911, 0.897, 0.888, 0.875, 0.867, 0.855, 0.842, 0.826, 0.82, 0.806, 0.787, 0.775, 0.768, 0.755, 0.745, 0.734, 0.726, 0.714, 0.708, 0.703, 0.694, 0.688, 0.684, 0.681, 0.684, 0.685, 0.691, 0.69, 0.681, 0.681, 0.677, 0.678, 0.682, 0.688, 0.69, 0.697, 0.697, 0.698, 0.7, 0.703, 0.705, 0.706, 0.711, 0.716, 0.721, 0.727, 0.724, 0.728, 0.733, 0.738, 0.742, 0.748, 0.755, 0.763, 0.765, 0.769, 0.777, 0.781, 0.784, 0.791, 0.796, 0.799, 0.806, 0.81, 0.817, 0.82, 0.825, 0.832, 0.839, 0.84, 0.844, 0.849, 0.852, 0.857, 0.859, 0.861, 0.862, 0.865, 0.867, 0.871, 0.874, 0.881, 0.885, 0.888, 0.891, 0.893, 0.896, 0.897, 0.9, 0.902, 0.905, 0.907, 0.909, 0.91, 0.911, 0.912, 0.913, 0.913, 0.916, 0.917, 0.919, 0.921, 0.921, 0.921, 0.921, 0.922, 0.924, 0.924, 0.927, 0.928, 0.928, 0.928, 0.928, 0.928, 0.929]",0.754,0.7260823308184117,0.7804133779332014,0.93,0.9123837665107154,0.9450284750808301,"[1.0, 1.0, 1.0, 1.0, 1.0, 0.999, 1.0, 1.0, 1.0, 1.0, 1.0, 1.0, 1.0, 0.999, 1.0, 1.0, 1.0, 1.0, 1.0, 1.0, 0.999, 1.0, 1.0, 1.0, 0.999, 1.0, 0.999, 0.999, 1.0, 1.0, 0.998, 0.998, 0.997, 1.0, 0.998, 0.997, 0.999, 0.996, 0.998, 0.995, 0.997, 0.996, 0.996, 0.999, 0.995, 0.996, 0.996, 0.996, 0.994, 0.998, 1.0, 0.999, 0.998, 0.994, 0.996, 0.997, 0.997, 0.999, 0.998, 0.994, 0.998, 0.997, 1.0, 0.999, 0.999, 0.999, 0.997, 0.999, 0.996, 0.999, 0.999, 1.0, 0.998, 0.999, 0.999, 0.998, 0.999, 0.999, 0.999, 0.997, 0.999, 0.999, 0.998, 0.999, 0.998, 1.0, 0.999, 0.998, 0.999, 0.999, 0.998, 0.999, 0.997, 0.997, 0.999, 0.999, 0.999, 1.0, 0.999, 0.997, 0.996, 0.997, 0.998, 0.996, 0.997, 0.994, 0.997, 0.998, 0.995, 0.995, 0.999, 0.999, 0.997, 1.0, 0.996, 0.997, 0.996, 0.996, 1.0, 0.998, 0.996, 0.995, 0.997, 0.997, 0.997, 0.998, 0.997, 1.0, 0.998, 0.999, 0.994, 0.997, 0.997, 0.998, 0.995, 0.997, 0.998, 0.997, 0.998, 0.999, 1.0, 1.0, 0.999, 0.995, 0.997, 0.999, 0.999, 0.995, 0.998, 0.998, 0.998, 0.997, 0.999, 0.998, 0.997, 0.999, 1.0, 0.998, 0.998, 0.999, 0.998, 0.998, 0.998, 0.998, 1.0, 0.998, 1.0, 0.999, 0.998, 0.996, 0.998, 0.999, 0.998, 0.999, 0.998, 0.999, 1.0, 0.996, 0.999, 0.999, 0.999, 0.999, 0.999, 0.999, 0.999, 1.0, 0.998, 0.999, 1.0, 0.999, 0.999, 0.999, 1.0, 1.0, 1.0, 0.999, 1.0, 0.998, 0.997, 0.998, 0.998]",120,60
,0,3,0.363,0.3331368399380181,0.3936725204750732,"[0.991, 0.991, 0.991, 0.991, 0.991, 0.992, 0.992, 0.993, 0.993, 0.993, 0.993, 0.993, 0.993, 0.993, 0.993, 0.992, 0.99, 0.989, 0.99, 0.988, 0.988, 0.987, 0.986, 0.985, 0.984, 0.982, 0.979, 0.977, 0.974, 0.972, 0.968, 0.963, 0.958, 0.953, 0.939, 0.929, 0.91, 0.896, 0.873, 0.845, 0.805, 0.778, 0.754, 0.731, 0.717, 0.696, 0.682, 0.68, 0.675, 0.681, 0.69, 0.702, 0.717, 0.745, 0.771, 0.797, 0.823, 0.837, 0.852, 0.867, 0.881, 0.888, 0.898, 0.905, 0.913, 0.925, 0.934, 0.939, 0.941, 0.946, 0.95, 0.955, 0.958, 0.961, 0.962, 0.965, 0.966, 0.966, 0.965, 0.964, 0.964, 0.958, 0.957, 0.947, 0.938, 0.936, 0.931, 0.918, 0.908, 0.898, 0.891, 0.877, 0.862, 0.849, 0.84, 0.83, 0.818, 0.811, 0.809, 0.8, 0.796, 0.793, 0.792, 0.788, 0.784, 0.782, 0.78, 0.78, 0.781, 0.78, 0.784, 0.788, 0.797, 0.801, 0.805, 0.808, 0.808, 0.815, 0.823, 0.831, 0.839, 0.847, 0.853, 0.858, 0.862, 0.868, 0.874, 0.88, 0.885, 0.889, 0.896, 0.903, 0.904, 0.908, 0.917, 0.923, 0.93, 0.932, 0.938, 0.945, 0.948, 0.952, 0.955, 0.959, 0.96, 0.96, 0.964, 0.965, 0.968, 0.969, 0.971, 0.974, 0.974, 0.975, 0.978, 0.978, 0.979, 0.98, 0.981, 0.981, 0.982, 0.982, 0.983, 0.983, 0.984, 0.984, 0.984, 0.984, 0.985, 0.986, 0.987, 0.987, 0.987, 0.988, 0.989, 0.991, 0.992, 0.992, 0.992, 0.993, 0.993, 0.993, 0.993, 0.993, 0.993, 0.993, 0.993, 0.993, 0.993, 0.993, 0.993, 0.993, 0.993, 0.993, 0.993, 0.993, 0.993, 0.993, 0.993, 0.993, 0.993]",0.849,0.825284533961809,0.8706386379973464,0.968,0.9551240971649907,0.9780111503943576,"[1.0, 1.0, 1.0, 1.0, 1.0, 0.999, 1.0, 1.0, 1.0, 1.0, 1.0, 1.0, 1.0, 0.999, 1.0, 1.0, 1.0, 1.0, 1.0, 1.0, 0.999, 1.0, 1.0, 1.0, 0.999, 1.0, 0.999, 1.0, 1.0, 1.0, 0.998, 0.998, 0.998, 1.0, 0.998, 0.997, 0.999, 0.999, 1.0, 0.996, 0.998, 0.998, 0.997, 0.999, 0.998, 0.997, 0.996, 0.996, 0.995, 1.0, 1.0, 0.999, 0.999, 0.996, 0.996, 0.997, 0.999, 1.0, 0.998, 0.996, 0.998, 0.998, 1.0, 0.999, 1.0, 0.999, 0.997, 1.0, 0.997, 1.0, 1.0, 1.0, 1.0, 0.999, 0.999, 0.999, 0.999, 0.999, 0.999, 0.997, 1.0, 0.999, 1.0, 1.0, 0.999, 1.0, 0.999, 0.999, 1.0, 0.999, 0.998, 0.999, 0.997, 0.997, 0.999, 0.999, 0.999, 1.0, 0.999, 0.997, 0.997, 0.998, 0.999, 0.996, 0.997, 0.994, 0.998, 0.998, 0.998, 0.998, 0.999, 0.999, 1.0, 1.0, 0.997, 0.998, 0.997, 0.998, 1.0, 0.999, 0.999, 0.995, 0.999, 0.998, 0.999, 0.999, 0.999, 1.0, 1.0, 0.999, 0.998, 0.999, 0.999, 0.999, 0.999, 0.999, 0.999, 0.998, 1.0, 1.0, 1.0, 1.0, 1.0, 0.996, 0.998, 1.0, 0.999, 1.0, 1.0, 0.999, 1.0, 1.0, 1.0, 1.0, 1.0, 0.999, 1.0, 1.0, 0.999, 1.0, 1.0, 1.0, 0.999, 0.998, 1.0, 0.999, 1.0, 1.0, 0.999, 0.999, 1.0, 1.0, 1.0, 1.0, 0.999, 1.0, 1.0, 1.0, 1.0, 1.0, 1.0, 1.0, 1.0, 1.0, 1.0, 1.0, 1.0, 1.0, 1.0, 0.999, 1.0, 1.0, 1.0, 1.0, 1.0, 1.0, 1.0, 0.999, 0.999, 1.0, 0.999]",180,60
